,Date,Close,High,Low,Open,Volume,Ticker
0,2014-01-02,40.0730094909668,40.541509102502445,39.94376790005739,40.46073426369503,646000,AVY
1,2014-01-03,40.02455139160156,40.26687904177416,39.91954161336024,40.16994859797777,770000,AVY
2,2014-01-06,39.92763137817383,40.38805495818805,39.84685650080307,40.21842586689103,976400,AVY
3,2014-01-07,40.08108139038086,40.21032296725749,39.85490940118733,39.99222722852276,1210200,AVY
4,2014-01-08,39.95185852050781,40.28304040891146,39.7903057034262,40.186109951207975,1169900,AVY
5,2014-01-09,40.291114807128906,40.90501173917395,40.26687988465008,40.26687988465008,1555100,AVY
6,2014-01-10,41.09886932373047,41.30888577060076,40.735376356683,40.75960819403189,1614600,AVY
7,2014-01-13,40.678829193115234,41.29272596702331,40.541508272319504,40.85653753248765,841200,AVY
8,2014-01-14,41.41389083862305,41.41389083862305,40.69498431940611,40.70306057048566,809200,AVY
9,2014-01-15,41.40582275390625,41.49467694673062,41.17157443261684,41.421978341816434,674000,AVY
10,2014-01-16,41.38159942626953,41.4542980461402,40.82424539483709,41.4542980461402,1041600,AVY
11,2014-01-17,41.31697845458984,41.47045194299561,41.10695885849371,41.44622009781676,591900,AVY
12,2014-01-21,41.44620513916016,41.7046883323229,41.06655660110618,41.62391040860784,644800,AVY
13,2014-01-22,42.11664581298828,42.14087764991307,41.51890457218311,41.59967941617426,1018900,AVY
14,2014-01-23,41.3896713256836,41.80970429683828,40.95347968483441,41.761240613208415,988300,AVY
15,2014-01-24,39.685279846191406,41.18771508191529,39.669124264140784,41.01808301106483,1039600,AVY
16,2014-01-27,39.50758743286133,39.74991509847035,39.07139578594701,39.7176039213589,1196900,AVY
17,2014-01-28,39.79836654663086,39.86298579461981,39.42679739694816,39.50757222727492,656700,AVY
18,2014-01-29,39.52374649047852,40.194186526887854,39.29757439357374,39.41873669633113,912400,AVY
19,2014-01-30,40.161869049072266,40.26687573733312,39.35410822720911,39.99223693464512,879400,AVY
20,2014-01-31,39.79836654663086,39.99222737195998,38.69173534807054,39.06330449775324,1352700,AVY
21,2014-02-03,38.619049072265625,40.30726944740506,38.56250605674983,39.93569709797711,1273600,AVY
22,2014-02-04,38.43326187133789,39.01484757513764,38.29594092756866,38.86137412632547,1080900,AVY
23,2014-02-05,37.95668411254883,38.25555476753683,37.358939721209694,38.11823381922572,1383800,AVY
24,2014-02-06,38.43326187133789,38.4736492966713,37.83551749976914,37.90821609791448,785800,AVY
25,2014-02-07,38.68365859985352,38.82097951821521,38.22323525724293,38.651347433019886,983100,AVY
26,2014-02-10,39.62874984741211,39.70144844980302,38.6271250012888,38.75636661872117,1266100,AVY
27,2014-02-11,39.77414321899414,39.98415967157038,38.63520061220999,39.78221947120891,926700,AVY
28,2014-02-12,39.79029846191406,40.15379146385399,39.669136182176175,39.81453338295214,1148000,AVY
29,2014-02-13,39.94376754760742,39.98415496665476,39.37833443685697,39.54796344567334,748700,AVY
30,2014-02-14,39.90338134765625,40.15378520221744,39.73374925229486,39.91145759916744,608300,AVY
31,2014-02-18,40.00031661987305,40.08917080407675,39.74183340111482,39.976084781040406,445900,AVY
32,2014-02-19,39.77414321899414,40.42842749609302,39.7014446236095,39.9760834193556,643900,AVY
33,2014-02-20,39.82260513305664,39.98415790247049,39.50757892744916,39.854916303211965,628100,AVY
34,2014-02-21,39.49142074584961,39.90338043483713,39.46718891050772,39.90338043483713,593200,AVY
35,2014-02-24,39.41065216064453,39.71759906155532,39.28948680198396,39.55604935849199,819000,AVY
36,2014-02-25,39.45103454589844,39.63681914577472,39.11985276675156,39.41872337686882,672900,AVY
37,2014-02-26,39.99223709106445,40.19417729732008,39.65297902360925,39.65297902360925,707200,AVY
38,2014-02-27,39.66912841796875,40.04877693250663,39.50757566190821,39.8872241764461,803200,AVY
39,2014-02-28,40.242637634277344,40.43650155714607,39.53988669143291,39.68528386324383,975900,AVY
40,2014-03-03,40.137020111083984,40.356389753957465,39.8038992282334,39.852646660247785,746700,AVY
41,2014-03-04,42.07888412475586,42.330754198446336,41.25826697656316,41.57513777856428,1517600,AVY
42,2014-03-05,41.48573684692383,41.89198181099687,41.11198912443027,41.761983546469615,1408600,AVY
43,2014-03-06,41.510135650634766,41.7620087964316,41.34763694687568,41.62388381344464,715400,AVY
44,2014-03-07,41.891998291015625,42.09512085295914,41.64012519842012,41.74574979846396,837100,AVY
45,2014-03-10,41.60762405395508,41.86762068034954,41.1526315074669,41.8432469651889,859500,AVY
46,2014-03-11,41.09577560424805,41.82701527692732,41.071398778908126,41.76201764130068,855400,AVY
47,2014-03-12,41.16887664794922,41.33137530665248,40.84388242994682,40.90075649558235,1058800,AVY
48,2014-03-13,40.85200881958008,41.56700110813769,40.819511565094444,41.412629076266846,792000,AVY
49,2014-03-14,41.0145149230957,41.39638640200236,40.76264178390547,40.76264178390547,781100,AVY
50,2014-03-17,41.0145149230957,41.42076012213517,40.92514048340224,41.15263990245967,846900,AVY
51,2014-03-18,41.38824462890625,41.52636955776538,41.09575079604717,41.09575079604717,443100,AVY
52,2014-03-19,41.07137680053711,41.66449424298855,40.860130723536805,41.32324986489484,903100,AVY
53,2014-03-20,41.33137512207031,41.355751935379615,40.78700818216024,41.14450275018756,423600,AVY
54,2014-03-21,41.55887222290039,41.8838664217772,41.41262374861445,41.461371173773806,790600,AVY
55,2014-03-24,41.08761978149414,41.940733676759166,40.84387339704748,41.6482367756618,725800,AVY
56,2014-03-25,41.006385803222656,41.485755196838895,40.75451269830413,41.43700466380175,576300,AVY
57,2014-03-26,40.250762939453125,41.35575004387635,40.250762939453125,41.24199881891187,571000,AVY
58,2014-03-27,40.258888244628906,40.34013912317048,39.76326873343967,40.24263806892059,862000,AVY
59,2014-03-28,40.60826873779297,40.965763388479374,40.28327444609756,40.30764816563839,574100,AVY
60,2014-03-31,41.16887664794922,41.2501275270029,40.76263155089313,40.92513020959639,727300,AVY
61,2014-04-01,41.5263786315918,41.55887898659008,41.079509598280985,41.380130133503975,533000,AVY
62,2014-04-02,41.965118408203125,42.03011600993947,41.51824633637317,41.57512040016898,535200,AVY
63,2014-04-03,42.03011703491211,42.086991100094885,41.77012042281825,41.94886925590932,651700,AVY
64,2014-04-04,41.542625427246094,42.44449005890176,41.29075234562022,42.20886715345216,520500,AVY
65,2014-04-07,41.02262878417969,41.575119231319874,40.8195062479327,41.43699739438581,778200,AVY
66,2014-04-08,41.1607666015625,41.44513702295201,40.868269539901775,41.095768976418526,805200,AVY
67,2014-04-09,41.5994987487793,41.65637281467507,40.949507210396085,41.35575230931112,742800,AVY
68,2014-04-10,39.95014190673828,41.64012302146999,39.933894830108,41.55074860298265,1537800,AVY
69,2014-04-11,39.51140213012695,40.06389575373959,39.3976539898663,39.72264823355326,783600,AVY
70,2014-04-14,39.94200897216797,40.20200552874714,39.63326189895391,39.88513491912899,552000,AVY
71,2014-04-15,40.258888244628906,40.31576230990596,39.35702363894411,40.007018269660286,671700,AVY
72,2014-04-16,40.81949996948242,41.10387023672762,40.46200237705594,40.58387711982014,700600,AVY
73,2014-04-17,41.17700958251953,41.35575844436856,40.62451591808126,40.6895166312644,521700,AVY
74,2014-04-21,41.42075729370117,41.52638190607218,41.08763637721231,41.24200842652018,665500,AVY
75,2014-04-22,42.054500579833984,42.18449891627069,41.420759077130654,41.47763315560891,910500,AVY
76,2014-04-23,40.18576431274414,40.502634992983324,39.2514024478599,39.76326903929053,2270600,AVY
77,2014-04-24,39.82014083862305,40.48638561225252,39.34077152673844,40.24263608803015,1197900,AVY
78,2014-04-25,39.50327301025391,39.82014369518951,39.32452727224654,39.76326962863205,635400,AVY
79,2014-04-28,39.47076797485352,40.25888121292656,39.072646488046814,39.82013584364658,889600,AVY
80,2014-04-29,39.39765930175781,39.738903768548944,39.17828653050432,39.57640507509397,752000,AVY
81,2014-04-30,39.535762786865234,39.568263130319934,39.08076727670948,39.397640976287775,811200,AVY
82,2014-05-01,39.3895263671875,39.65764963344752,39.15390345430523,39.527651319340805,700700,AVY
83,2014-05-02,39.31641006469727,39.78765598566538,39.227035624554695,39.37328414489619,518700,AVY
84,2014-05-05,39.36515426635742,39.6657747989204,39.18640541485297,39.25952966324984,636800,AVY
85,2014-05-06,38.91829299926758,39.41390956013684,38.90204281867112,39.28391121477022,779600,AVY
86,2014-05-07,39.69826889038086,39.7226426028662,39.01577704615583,39.04827739573891,925700,AVY
87,2014-05-08,39.57640838623047,39.99078024417906,39.34891205600304,39.69828319136948,842300,AVY
88,2014-05-09,39.50327301025391,39.625147781107984,39.22702621580161,39.51952318632806,519100,AVY
89,2014-05-12,39.77952194213867,39.982644504873534,39.64952362596453,39.67390044108767,731600,AVY
90,2014-05-13,39.34075927734375,39.89325265458634,38.45514826611402,39.820128439968855,946900,AVY
91,2014-05-14,39.09702682495117,39.40577396300996,38.99140533249755,39.37327361176081,519200,AVY
92,2014-05-15,38.536415100097656,39.05640839515589,38.33329252550275,39.04828485591008,672500,AVY
93,2014-05-16,38.31703567504883,38.57703227730194,38.04891553496455,38.57703227730194,1476300,AVY
94,2014-05-19,38.43891143798828,38.63390734504719,38.21953871799396,38.292662957992064,1254200,AVY
95,2014-05-20,37.91079711914063,38.55266519737538,37.902673579911806,38.44704059097364,1039300,AVY
96,2014-05-21,38.19516372680664,38.61765901145761,37.93516710539131,38.02454152514112,1367600,AVY
97,2014-05-22,39.19453430175781,39.48702821272079,38.089546973437926,38.19516848320042,1931600,AVY
98,2014-05-23,39.16202926635742,39.438276065433215,39.00765414077128,39.300151116193206,886700,AVY
99,2014-05-27,39.495155334472656,39.73077827341688,39.21078186006957,39.31640647052812,724500,AVY
100,2014-05-28,39.66577911376953,39.71452965113868,39.24328375478452,39.535780780189896,856800,AVY
101,2014-05-29,39.982643127441406,39.99076976533726,39.584524653862985,39.73077314194607,689900,AVY
102,2014-05-30,41.1932487487793,41.35574738889239,40.600131346859705,40.6732555799404,2182700,AVY
103,2014-06-02,40.85782241821289,41.32416096346684,40.6205647014861,41.32416096346684,919600,AVY
104,2014-06-03,40.4405632019043,40.8496322182125,40.35875064702223,40.8496322182125,1142200,AVY
105,2014-06-04,40.497840881347656,40.62056285967096,40.26058005442904,40.38330203275234,621800,AVY
106,2014-06-05,40.59602355957031,40.75965185177096,40.137868086548615,40.57148040807275,657400,AVY
107,2014-06-06,40.71055221557617,40.93144988649231,40.59601337605284,40.702372207445634,457600,AVY
108,2014-06-09,40.97235870361328,41.19325325041876,40.60419592402205,40.636919077025176,729400,AVY
109,2014-06-10,41.05417251586914,41.11962194481476,40.78418542897639,40.94781368276448,685700,AVY
110,2014-06-11,40.65328979492188,40.857824363841495,40.448755226002255,40.84146122381394,625400,AVY
111,2014-06-12,40.48147964477539,40.776009909829526,40.39148393923666,40.546932201876174,592400,AVY
112,2014-06-13,40.69419479370117,40.82509677878031,40.3914814174342,40.50602026425975,617400,AVY
113,2014-06-16,41.07872772216797,41.37325804126967,40.6942048019632,40.6942048019632,840700,AVY
114,2014-06-17,41.40597534179688,41.57778361701148,40.890547395203455,41.0541756615291,633700,AVY
115,2014-06-18,41.618690490722656,41.643236759635165,41.10326565780461,41.36506963924066,459500,AVY
116,2014-06-19,41.71686553955078,41.921400076549865,41.4468784526563,41.65959299791763,631800,AVY
117,2014-06-20,42.04410934448242,42.060472478227176,41.74139917257613,41.83139484769794,651100,AVY
118,2014-06-23,41.65959548950195,42.16684341868079,41.39779151616106,41.98685201665285,685800,AVY
119,2014-06-24,41.70050430297852,42.13411654247883,41.45506035063166,41.62687174146436,725000,AVY
120,2014-06-25,41.58595275878906,41.72503470976631,41.18506379718375,41.60231277106405,756700,AVY
121,2014-06-26,42.06048583984375,42.0686658488404,41.34052333110292,41.64323672012272,850600,AVY
122,2014-06-27,42.11776351928711,42.22412238278399,41.76596376544764,41.970498360891504,650500,AVY
123,2014-06-30,41.92957305908203,42.183196966005376,41.65958601742665,42.1504706965413,622500,AVY
124,2014-07-01,42.03594970703125,42.281390590236114,41.74959940916712,42.06867286942845,467300,AVY
125,2014-07-02,41.725040435791016,42.03593376780576,41.58595846572722,41.89684867679299,430900,AVY
126,2014-07-03,42.12592697143555,42.395910888402575,41.84775992674143,41.986841888614094,456200,AVY
127,2014-07-07,41.618690490722656,42.12593843558593,41.55324105583846,42.035942731789234,441800,AVY
128,2014-07-08,41.790504455566406,41.806864474579854,41.332345899444086,41.43870474873049,635400,AVY
129,2014-07-09,41.63505172729492,42.10957337255947,41.47142346613648,41.98685139645326,615000,AVY
130,2014-07-10,41.602317810058594,41.68413348608604,41.07052996015037,41.315970746334855,762200,AVY
131,2014-07-11,41.307804107666016,41.65960070511485,41.21780839538494,41.50415555177932,569500,AVY
132,2014-07-14,41.70868682861328,41.79868253377818,41.5041522699475,41.56142169669794,417000,AVY
133,2014-07-15,41.63505172729492,42.224112219085534,41.55323915719045,41.70868428876875,434400,AVY
134,2014-07-16,41.75776672363281,41.94593810018005,41.48777966970702,41.8395792800624,445900,AVY
135,2014-07-17,41.46324157714844,41.83140436782139,41.37324588154512,41.52051099781431,864900,AVY
136,2014-07-18,41.70868682861328,41.79868253377818,41.463245982404274,41.63505426265561,438400,AVY
137,2014-07-21,41.42233657836914,41.4632428628347,41.22598204360525,41.41415344890636,360500,AVY
138,2014-07-22,41.33234786987305,41.87231903060388,41.307804719233005,41.67596446263358,556300,AVY
139,2014-07-23,41.39778900146485,41.67595609636106,41.307796426866986,41.34051958083468,694900,AVY
140,2014-07-24,41.64322662353516,41.87230427129602,41.42232898278766,41.42232898278766,1215000,AVY
141,2014-07-25,40.285118103027344,41.85594162774268,40.072400466795735,41.74140280251746,1609800,AVY
142,2014-07-28,40.04786682128906,40.26058138701393,39.55698201269762,40.105136247482285,1181500,AVY
143,2014-07-29,39.295169830322266,39.867867093702536,39.24608354437045,39.7860545364835,1094500,AVY
144,2014-07-30,39.14791870117188,39.41790585405243,38.77975894135311,39.35245328816013,795700,AVY
145,2014-07-31,38.62430191040039,38.9188321483118,38.5343062131553,38.9188321483118,1087500,AVY
146,2014-08-01,38.70611572265625,38.81247143156274,38.39522236205058,38.575213747814274,782000,AVY
147,2014-08-04,39.04974365234375,39.11519621937424,38.60794818773844,38.83702905139499,745400,AVY
148,2014-08-05,38.74702835083008,39.0170123527459,38.45249807895844,38.82066091879799,502400,AVY
149,2014-08-06,38.62430191040039,38.96792156161351,38.583395626457005,38.583395626457005,511200,AVY
150,2014-08-07,38.56703186035156,38.85338208518881,38.26432161896303,38.779749526910585,709200,AVY
151,2014-08-08,38.9188232421875,38.951549510232944,38.354309162672784,38.5261173884883,648800,AVY
152,2014-08-11,39.07426834106445,39.24607968785982,38.94336638980766,39.15608401119289,307400,AVY
153,2014-08-12,39.13156509399414,39.18883453806084,38.84521475271002,38.97611678499828,391700,AVY
154,2014-08-13,39.2542839050293,39.41791222525754,39.13974501715472,39.33609962561873,421400,AVY
155,2014-08-14,39.3115348815918,39.50788939781437,39.24608545681704,39.24608545681704,551700,AVY
156,2014-08-15,39.17245101928711,39.56515691189525,38.92701022652565,39.49152436197191,712200,AVY
157,2014-08-18,39.58151245117188,39.60605558945308,39.30334544050748,39.38515798207708,674000,AVY
158,2014-08-19,40.17058181762695,40.21967123004775,39.507891915167626,39.51607192342975,1028100,AVY
159,2014-08-20,39.916954040527344,40.10512540729336,39.71241953913618,39.97422345124097,470400,AVY
160,2014-08-21,39.7042236328125,39.87603493060587,39.49968919724937,39.80240240896523,430900,AVY
161,2014-08-22,39.2706298828125,39.62242952518864,39.2706298828125,39.62242952518864,477800,AVY
162,2014-08-25,39.40971374511719,39.6633376987479,39.352444323482736,39.49152943384456,602100,AVY
163,2014-08-26,39.286991119384766,39.50788877630422,39.25426484703764,39.4260730954364,416600,AVY
164,2014-08-27,39.18881988525391,39.5078932745947,39.10700419507071,39.40153443783128,643100,AVY
165,2014-08-28,39.360626220703125,39.40153250331159,39.00882657256156,39.07427600054524,342000,AVY
166,2014-08-29,39.6655502319336,39.74796233270944,39.22875729512527,39.42655073833547,835100,AVY
167,2014-09-02,39.68204116821289,39.91279761130742,39.558419848657536,39.616108959431166,879000,AVY
168,2014-09-03,39.92104721069336,40.06115161629433,39.64908464331261,39.7809459489139,827500,AVY
169,2014-09-04,40.11058044433594,40.2589247425152,39.937513144400185,39.937513144400185,687200,AVY
170,2014-09-05,40.28366088867188,40.30014394187491,39.929283104359065,40.05290128765039,614900,AVY
171,2014-09-08,40.18476104736328,40.51441581129559,40.08586587571192,40.18476104736328,373300,AVY
172,2014-09-09,39.962249755859375,40.225972323063225,39.87983448872006,40.094111039461296,447800,AVY
173,2014-09-10,39.81389236450195,39.93751050894708,39.66554807611185,39.87982141277536,473400,AVY
174,2014-09-11,40.1435546875,40.2342099040942,39.5749035249829,39.78093696494398,520400,AVY
175,2014-09-12,39.77268600463867,40.26716804908975,39.63258480219398,40.1682728977276,555800,AVY
176,2014-09-15,39.912784576416016,39.98695671516162,39.50071783756705,39.69026816017921,543100,AVY
177,2014-09-16,39.72324752807617,40.077625293413874,39.71500443000557,39.99521003181163,776800,AVY
178,2014-09-17,39.311180114746094,39.95400342736216,39.05569752299884,39.57490266063067,926100,AVY
179,2014-09-18,39.48424530029297,39.53369445389185,39.2370058199397,39.35238403451652,886500,AVY
180,2014-09-19,39.385353088378906,39.75621390861069,38.99800921571229,39.4760083048601,1160100,AVY
181,2014-09-22,39.3276596069336,39.54193297713618,39.03097098371428,39.34414265753694,1101700,AVY
182,2014-09-23,38.56121063232422,39.06393261482811,38.36341719153806,38.94031132135925,2007800,AVY
183,2014-09-24,38.70131301879883,38.75076216646845,38.26452321775448,38.50352271576071,1133700,AVY
184,2014-09-25,38.05849456787109,38.68483479741892,38.00904541403025,38.52825052598711,1097700,AVY
185,2014-09-26,38.2480583190918,38.32223050388444,37.95961268035467,38.1821292347326,910900,AVY
186,2014-09-29,37.45687484741211,37.69587435931971,36.79756855923628,36.97063587041612,1851200,AVY
187,2014-09-30,36.79757690429688,37.58874462953116,36.63274950891779,37.3579881622931,1843500,AVY
188,2014-10-01,36.22892379760742,37.086023768098336,36.03937338671791,36.6821967926755,2348900,AVY
189,2014-10-02,36.06407928466797,36.34428479038196,35.65201254943089,36.097045378003656,929100,AVY
190,2014-10-03,36.19593811035156,36.52559273417612,36.13000907187834,36.25363034176743,954400,AVY
191,2014-10-06,36.31957626342773,36.62450488872913,36.03113069136168,36.36902542313375,933800,AVY
192,2014-10-07,35.39654922485352,36.30309519563004,35.39654922485352,36.30309519563004,833100,AVY
193,2014-10-08,35.90750503540039,35.932228040362595,35.13282048965246,35.51192123690226,1032700,AVY
194,2014-10-09,35.14105987548828,35.833332297628054,35.14105987548828,35.81684924664609,1298600,AVY
195,2014-10-10,34.580650329589844,35.371817950686385,34.580650329589844,35.10809541032087,950700,AVY
196,2014-10-13,34.02024459838867,34.93503368233263,34.00376154399621,34.58889897155447,1013700,AVY
197,2014-10-14,34.48176574707031,34.860866622233,34.07793871478197,34.30869836629886,1247700,AVY
198,2014-10-15,34.43230438232422,34.66306395211684,33.44334647454635,34.077926645969626,1782500,AVY
199,2014-10-16,35.07512664794922,35.124572651199685,33.98727056295696,34.02023351718388,1097000,AVY
200,2014-10-17,35.54488754272461,35.77564397388003,35.21523280351351,35.28940496264498,1136400,AVY
201,2014-10-20,35.79213333129883,35.81685634075831,35.16578984520884,35.28117122493573,1139300,AVY
202,2014-10-21,36.79757690429688,36.81405681439581,35.882787846573,35.89102780162247,891900,AVY
203,2014-10-22,36.31132125854492,37.05303948378498,36.29483821214141,36.87173226098567,1217300,AVY
204,2014-10-23,36.41022491455078,36.67394743108893,36.24539755575934,36.63274137734617,1314800,AVY
205,2014-10-24,38.21508407592773,38.6683570448756,37.48160548445957,37.97608765916533,2365200,AVY
206,2014-10-27,37.29204940795898,37.79477146100021,37.077776032210856,37.712356205850526,1289500,AVY
207,2014-10-28,37.90190124511719,37.91014119687927,37.17666288108125,37.36621320980727,728200,AVY
208,2014-10-29,37.41566467285156,37.98431569430484,37.16018213890124,37.98431569430484,1274300,AVY
209,2014-10-30,37.91838455200195,38.27276224215507,37.28380446331114,37.3662165636081,724000,AVY
210,2014-10-31,38.61066818237305,38.62715123602,38.04201697874772,38.26453348725007,853700,AVY
211,2014-11-03,38.37168502807617,38.82495815667784,38.23158059555733,38.67661376639771,881000,AVY
212,2014-11-04,38.412864685058594,38.66010411753928,38.17386520467196,38.28924339690828,523600,AVY
213,2014-11-05,38.67659759521485,38.7260467525736,38.26453071535432,38.56121937186523,720600,AVY
214,2014-11-06,39.03921127319336,39.17107253533487,38.61066138527836,38.69307663900459,639800,AVY
215,2014-11-07,39.34414291381836,39.47600417568359,38.89086687882492,39.08866034353301,593900,AVY
216,2014-11-10,39.59138488769531,39.6820401004204,39.29469624380257,39.31117929555446,445000,AVY
217,2014-11-11,39.52545547485352,39.855110245554265,39.3441481804069,39.55842158068776,476800,AVY
218,2014-11-12,39.640846252441406,39.73974460125712,39.37712360990994,39.42657278431779,363200,AVY
219,2014-11-13,39.63259506225586,39.98697285218317,39.50073377836344,39.7479732926841,603800,AVY
220,2014-11-14,39.17930603027344,39.66554490471568,39.080407750040656,39.55840667304001,764500,AVY
221,2014-11-17,39.37712097167969,39.49249922707924,39.08867533318082,39.212296689007005,535500,AVY
222,2014-11-18,39.533687591552734,39.87158222294122,39.33589415531117,39.50896144713503,562400,AVY
223,2014-11-19,39.50896835327149,39.60786666058962,39.23700586769803,39.46776229713255,559400,AVY
224,2014-11-20,39.451290130615234,39.50897925389043,39.07218927942928,39.19581062577409,512500,AVY
225,2014-11-21,39.78092575073242,40.151786466881184,39.6160984164641,39.92927003719193,710800,AVY
226,2014-11-24,40.50617218017578,40.71220560297663,39.82213970744309,39.82213970744309,1047300,AVY
227,2014-11-25,40.42376327514648,40.66276283765811,40.18476371263485,40.48145239108777,1089000,AVY
228,2014-11-26,40.53912734985352,40.55561039776921,40.09409763140957,40.440232206179296,448900,AVY
229,2014-11-28,40.8028678894043,40.89352312115728,40.41552709530697,40.53090533796666,493300,AVY
230,2014-12-01,40.777950286865234,40.80284930384549,40.31314858395101,40.59534905246991,855600,AVY
231,2014-12-02,41.43366622924805,41.50006785759808,40.75306536967975,40.75306536967975,1157500,AVY
232,2014-12-03,41.78225326538086,42.263652231201455,41.13485345520039,41.417053940751344,1702300,AVY
233,2014-12-04,41.184661865234375,41.88186305418578,40.86926366433517,41.54986444804921,1115000,AVY
234,2014-12-05,41.36726760864258,41.50836631904005,41.060167994209806,41.17636767717335,1077200,AVY
235,2014-12-08,41.0020637512207,41.574763484149976,40.894162700250185,41.27596252220303,625500,AVY
236,2014-12-09,41.28425979614258,41.342359625037936,40.58705868319507,40.67005753413038,975700,AVY
237,2014-12-10,41.35067367553711,41.641172928426926,41.19297453342613,41.21787356475828,1084300,AVY
238,2014-12-11,41.68266296386719,42.20556146135981,41.43366006082868,41.43366006082868,1007700,AVY
239,2014-12-12,41.60795593261719,42.20555457020718,41.5913555307115,41.89845505045934,1165000,AVY
240,2014-12-15,41.931671142578125,42.081071647997845,41.59137069494521,41.7988710451166,958900,AVY
241,2014-12-16,41.60795593261719,42.37985720711539,41.5830537466572,41.85695562879659,1243000,AVY
242,2014-12-17,41.67436218261719,41.86526209099733,41.24276115080853,41.5996619431464,1272300,AVY
243,2014-12-18,42.39646911621094,42.40476773631472,41.74906593098372,42.11426853962568,1409000,AVY
244,2014-12-19,43.135162353515625,43.19326218284056,42.47946066118773,42.60396210471443,1210300,AVY
245,2014-12-22,43.02725982666016,43.550161438718014,42.7782601144146,43.17666028724812,569600,AVY
246,2014-12-23,43.35096740722656,43.508666513986434,43.068766839306384,43.17666789456508,509200,AVY
247,2014-12-24,43.28456878662109,43.53356854179919,43.15176870611253,43.32606821811683,237000,AVY
248,2014-12-26,43.67466735839844,43.84897003707045,43.334366953301554,43.34266873934501,265300,AVY
249,2014-12-29,43.71614837646485,43.907051380610426,43.400750296142455,43.58334835153901,396900,AVY
250,2014-12-30,43.69126129150391,43.77426330862343,43.52526042346807,43.52526042346807,496800,AVY
251,2014-12-31,43.06045913696289,43.92365789835182,43.035556950261096,43.716157617653934,391500,AVY
252,2015-01-02,42.98576354980469,43.45056220237551,42.60396375199198,43.26796408866698,378700,AVY
253,2015-01-05,42.45456314086914,42.786561725013314,42.16406081776422,42.670362062252686,801700,AVY
254,2015-01-06,42.87786865234375,43.30946972460481,42.55416863969891,42.96916930538795,1515900,AVY
255,2015-01-07,43.3011589050293,43.35096011435617,43.03555878769227,43.25136086190557,813100,AVY
256,2015-01-08,44.58766174316406,44.82835966469216,43.66635998172652,43.70785940501046,1243900,AVY
257,2015-01-09,44.00666427612305,44.75366346102121,43.87386420994982,44.70386541508333,1151300,AVY
258,2015-01-12,44.31376647949219,44.34696728956728,43.66636651404562,44.031565926261,648300,AVY
259,2015-01-13,44.28886413574219,45.08566452060572,43.98176458107248,44.64576490179209,905300,AVY
260,2015-01-14,44.42995834350586,44.48805816782905,43.74935768754585,44.23075985045574,826000,AVY
261,2015-01-15,43.48377227783203,44.74537476948344,43.4422728416088,44.67897630476706,1140500,AVY
262,2015-01-16,43.75767135620117,43.81577119630417,43.309469875803366,43.46716898948238,773800,AVY
263,2015-01-20,44.48807144165039,44.77857381614598,44.1726732058491,44.39677395204722,1526600,AVY
264,2015-01-21,44.07305908203125,44.3884604004407,43.724460124475854,44.32206195594575,1109200,AVY
265,2015-01-22,44.7287712097168,44.77027064301557,44.01496955864421,44.346971357442,1086900,AVY
266,2015-01-23,43.64145660400391,44.72045733267844,43.59995401866038,44.62915671084703,1164100,AVY
267,2015-01-26,43.97346115112305,43.99006155429546,43.2098616024109,43.57506097359456,1045300,AVY
268,2015-01-27,43.4754638671875,43.79916382952307,43.19326333173026,43.49206427117949,591500,AVY
269,2015-01-28,43.07705307006836,43.84065246858209,42.96915205377314,43.64975261895366,874600,AVY
270,2015-01-29,43.790863037109375,43.83236563113183,43.01066302901946,43.1268626933942,915600,AVY
271,2015-01-30,43.3841667175293,43.82406637698468,43.20986721090021,43.450565172634086,947400,AVY
272,2015-02-02,42.49605941772461,44.01495987238504,42.022959016584224,43.28456114169296,1785900,AVY
273,2015-02-03,43.01896667480469,43.15176674929111,42.28026289638273,42.305165087113856,917300,AVY
274,2015-02-04,42.745059967041016,43.20155997422509,42.58736088563653,42.65375933236356,1089800,AVY
275,2015-02-05,43.44226837158203,43.6414700776422,42.877867231649226,43.05216674557455,910200,AVY
276,2015-02-06,43.49206161499024,43.79916115457832,43.317758966821145,43.616559888021726,720600,AVY
277,2015-02-09,43.14346694946289,43.60826881466112,43.06046808641491,43.34266865346318,640500,AVY
278,2015-02-10,44.25566101074219,44.33036124079924,43.259658998716006,43.32606061041254,1028300,AVY
279,2015-02-11,44.14776992797852,44.34697164177515,43.72447063969094,44.28887180154359,604000,AVY
280,2015-02-12,44.52955627441406,44.670654928939655,44.421655254586895,44.55445529198855,548200,AVY
281,2015-02-13,44.64577102661133,44.67897183875285,44.26397118559499,44.45487110610316,314300,AVY
282,2015-02-17,44.81176376342773,44.94456382161472,44.40506180424082,44.57106266852534,529800,AVY
283,2015-02-18,44.88647079467773,44.9445706310494,44.37186772080924,44.7370703108067,488400,AVY
284,2015-02-19,44.65406799316406,45.01096879496136,44.51296929609256,44.74536864007085,406000,AVY
285,2015-02-20,44.88647079467773,44.96946965629336,44.239067642502064,44.66237006887118,406600,AVY
286,2015-02-23,45.22677230834961,45.33467019786956,44.56276873423826,44.894770521293935,489500,AVY
287,2015-02-24,45.35126876831055,45.37616779316068,44.944569920141824,45.218468692103926,545100,AVY
288,2015-02-25,45.17695236206055,45.43425379867306,45.08565175015925,45.30145377214456,480600,AVY
289,2015-02-26,45.06906509399414,45.30976620491237,44.76196553266594,45.14376532958244,518100,AVY
290,2015-02-27,44.44657516479492,45.102277042899566,44.388475319008855,45.00267775958118,718400,AVY
291,2015-03-02,45.056453704833984,45.13999860737979,44.46327661047104,44.64707603347856,616800,AVY
292,2015-03-03,44.4967041015625,44.99798320684209,44.388096337731305,44.8977286606,806000,AVY
293,2015-03-04,44.47163772583008,44.530119805407615,44.0956792235214,44.27948186621327,548100,AVY
294,2015-03-05,44.27946853637695,44.61365447938937,44.09566594901679,44.47162433814742,624600,AVY
295,2015-03-06,43.65287780761719,44.11238114713272,43.444012363561605,44.07060869572836,518600,AVY
296,2015-03-09,43.78655242919922,44.01212749567884,43.58604019665051,43.69465112207414,515300,AVY
297,2015-03-10,43.1515998840332,43.41894738424864,43.07640820040801,43.30198325128359,517000,AVY
298,2015-03-11,43.18500518798828,43.36880774379874,43.12652313605455,43.30197247888854,436200,AVY
299,2015-03-12,43.719722747802734,43.78655804253122,43.22680009942254,43.22680009942254,413600,AVY
300,2015-03-13,43.45235443115234,43.8450223850871,43.10146210493801,43.68628583566151,801200,AVY
301,2015-03-16,44.02047348022461,44.1207311735469,43.33539517768876,43.5860330369279,474300,AVY
302,2015-03-17,43.63616561889648,44.104025333349966,43.41059057016178,43.76983936773554,470000,AVY
303,2015-03-18,44.13744354248047,44.24605126980484,43.22679015371107,43.544263307936376,706500,AVY
304,2015-03-19,44.27946853637695,44.32959738393882,43.853384486717815,43.99541144092641,897800,AVY
305,2015-03-20,44.68886184692383,44.73063430770784,43.99542688717828,44.41315786908732,1352400,AVY
306,2015-03-23,44.53010559082031,44.93948320421874,44.48833314546128,44.68884534503125,479000,AVY
307,2015-03-24,44.25441360473633,44.705560565181415,44.25441360473633,44.42150341903174,385900,AVY
308,2015-03-25,43.78655242919922,44.57188536702789,43.78655242919922,44.304537848318816,818100,AVY
309,2015-03-26,43.569332122802734,43.73642192542118,43.41059234846804,43.60274817110621,514800,AVY
310,2015-03-27,43.74479293823242,43.82833786744508,43.50250818166706,43.56099026952287,389200,AVY
311,2015-03-30,44.83087158203125,44.897710043166896,43.87844582008098,44.03718238472828,397900,AVY
312,2015-03-31,44.20428466796875,44.64707841170869,44.07896412044081,44.580243123518656,542800,AVY
313,2015-04-01,44.26276397705078,44.26276397705078,43.66958688812156,44.0873177710915,612600,AVY
314,2015-04-02,44.27946853637695,44.44656150788316,43.94528259336455,44.22933968881509,361700,AVY
315,2015-04-06,44.61367034912109,44.69721527107567,43.97036425156054,44.06226557793126,470500,AVY
316,2015-04-07,44.53846740722656,44.76404246403135,44.36301801613372,44.53846740722656,619400,AVY
317,2015-04-08,44.99796295166016,45.03138218104253,44.4549116288126,44.62200458869132,443100,AVY
318,2015-04-09,44.88100051879883,45.139991588641,44.69719793733671,44.99796463898991,827000,AVY
319,2015-04-10,45.14835739135742,45.223549082428384,44.722270079610674,44.88936308054991,444600,AVY
320,2015-04-13,45.056453704833984,45.41570252244168,44.93948956645636,45.09822615610689,505100,AVY
321,2015-04-14,44.33795547485352,45.08151593345151,44.129090034257054,44.81416842445074,607700,AVY
322,2015-04-15,43.84502410888672,44.49668313292406,43.84502410888672,44.34630297794342,633400,AVY
323,2015-04-16,43.35209655761719,43.92021063038533,43.30197090751174,43.76147409333026,529100,AVY
324,2015-04-17,42.66701889038086,43.12652208163965,42.55840800214534,43.11816886886741,902200,AVY
325,2015-04-20,42.96780776977539,43.09312833541593,42.7756519062851,42.90932568901897,786500,AVY
326,2015-04-21,43.02628707885742,43.21008971341415,42.700457453622604,43.10147877599116,964300,AVY
327,2015-04-22,43.26020431518555,43.27691393105366,42.884249112769616,43.068048513252215,755200,AVY
328,2015-04-23,43.03462219238281,43.36880808062772,43.03462219238281,43.235134362736325,580100,AVY
329,2015-04-24,43.36882781982422,43.38553744054508,43.10983347920224,43.15160912452154,582600,AVY
330,2015-04-27,43.41059875488281,43.703012326686064,43.33540705779445,43.48579045197117,754800,AVY
331,2015-04-28,43.310333251953125,43.535908286087086,42.97614730796948,43.38552492999778,667500,AVY
332,2015-04-29,45.62457275390625,46.76915461147726,45.54102465555875,45.95040236987628,2607500,AVY
333,2015-04-30,46.44332885742188,47.48765627084921,45.54102844244417,45.54102844244417,1710300,AVY
334,2015-05-01,46.91952896118164,46.96130140878979,46.334705133567255,46.38483398291711,1104000,AVY
335,2015-05-04,47.32055282592773,47.54612787999395,46.83598667007091,47.03649570455179,637800,AVY
336,2015-05-05,47.5127182006836,48.0724793408383,47.13675970162958,47.98893123714058,1260400,AVY
337,2015-05-06,48.22283935546875,48.28132140617996,47.55446759814168,47.68814449923329,1258600,AVY
338,2015-05-07,48.206146240234375,48.456784141490495,47.97221477029935,48.164373787864,759200,AVY
339,2015-05-08,48.62388229370117,48.86616700498672,48.40666041908856,48.54869059664822,682200,AVY
340,2015-05-11,48.71577453613281,49.27553236445131,48.5988072170347,48.623873236072505,1153900,AVY
341,2015-05-12,48.67400360107422,48.83274338452187,48.44843171718292,48.64894076664938,924400,AVY
342,2015-05-13,49.98567962646485,50.04416169586732,48.87451393375039,49.16692428076274,2301200,AVY
343,2015-05-14,50.55378341674805,50.6456847088597,49.94389679013732,50.09428014322307,1290800,AVY
344,2015-05-15,50.56214904785156,50.612277903708616,50.01074438155947,50.45353812034488,1128400,AVY
345,2015-05-18,50.30314254760742,50.53707396454078,50.169468818088255,50.46188229249668,1070200,AVY
346,2015-05-19,50.963165283203125,50.97987490016624,50.15276638917686,50.37834143762851,768900,AVY
347,2015-05-20,50.98823165893555,51.13861503502199,50.6958213093418,50.96316882526574,728800,AVY
348,2015-05-21,51.76521682739258,51.90724700289899,50.79608118329477,50.95482097868629,1456600,AVY
349,2015-05-22,52.283199310302734,52.45028911535943,51.40596189858637,51.69001902902999,1229700,AVY
350,2015-05-26,51.86547088623047,52.14952484312758,51.58976695813541,52.13281841145567,854000,AVY
351,2015-05-27,52.78448486328125,52.98499394125169,51.83205877533585,51.83205877533585,1084300,AVY
352,2015-05-28,52.47535705566406,52.92650400767052,52.38345574730024,52.80118664929301,882800,AVY
353,2015-05-29,51.72344207763672,52.50042183915347,51.59812152757248,52.32497561869071,927000,AVY
354,2015-06-01,52.00919342041016,52.210907950174544,51.36201982554301,52.08483717062046,1077900,AVY
355,2015-06-02,51.076271057128906,51.82430215345837,50.96700711533603,51.78227854698285,1008700,AVY
356,2015-06-03,51.38724136352539,51.38724136352539,50.96699895367491,51.05945279683324,955200,AVY
357,2015-06-04,50.89976119995117,51.09307232132592,50.16013367011228,50.93337815561127,493700,AVY
358,2015-06-05,51.10148239135742,51.36203387026059,50.57197599509413,50.89976780643509,728700,AVY
359,2015-06-08,51.00901794433594,51.24435585280019,50.94178083205677,51.11828185875881,659800,AVY
360,2015-06-09,51.462886810302734,51.58055417592176,50.93338045882188,51.10988471344566,692700,AVY
361,2015-06-10,52.15209197998047,52.35380978440672,51.55534841810458,51.57215850232308,1042700,AVY
362,2015-06-11,52.2529525756836,52.75724551546669,52.02602443990652,52.06804805000613,1141900,AVY
363,2015-06-12,52.18570327758789,52.72361305635987,52.07643935183884,52.10165607697797,738600,AVY
364,2015-06-15,51.32841110229492,51.89994107426423,51.25276733523442,51.883130992006855,949700,AVY
365,2015-06-16,51.94195938110352,51.95036602447279,51.252762109794574,51.42926314620893,542500,AVY
366,2015-06-17,52.48830032348633,52.64799135403744,51.849529788888844,51.933580230913,567800,AVY
367,2015-06-18,52.63116836547852,53.07662758353101,52.278166214089175,52.60595484214949,1107600,AVY
368,2015-06-19,52.30337905883789,52.70681145784692,52.27816553583598,52.58914407557708,1258200,AVY
369,2015-06-22,52.412635803222656,52.53030316933072,52.00079681564919,52.4882795680343,1131900,AVY
370,2015-06-23,52.23612976074219,52.81606309806474,52.05122208527922,52.53870158487029,1098300,AVY
371,2015-06-24,51.81588745117188,52.32858046863969,51.74024369348073,52.26134335413365,454800,AVY
372,2015-06-25,51.60576629638672,52.0091986023058,51.55533605582372,52.0091986023058,470300,AVY
373,2015-06-26,52.27814865112305,52.30336216598153,51.58895145797063,51.77385591059064,1853000,AVY
374,2015-06-29,51.2863883972168,52.01760935413386,51.24436479393566,51.85791837918738,557500,AVY
375,2015-06-30,51.21916580200195,51.77388589349668,51.18554883145418,51.72345883457677,712000,AVY
376,2015-07-01,52.28655624389648,52.496677434273366,51.395644448663255,51.5889555590666,941000,AVY
377,2015-07-02,52.2529525756836,52.6143613936929,51.96719074452788,52.43786030755699,481000,AVY
378,2015-07-06,51.757057189941406,52.32018048510459,51.53852933943392,51.689816864802125,821400,AVY
379,2015-07-07,52.06803512573242,52.07643856318808,51.26957390724935,51.748649997100166,851200,AVY
380,2015-07-08,51.00901794433594,51.86631276771069,50.99220786471744,51.6477881450598,570400,AVY
381,2015-07-09,50.958595275878906,51.614172406171456,50.941785194820746,51.60576896873994,559900,AVY
382,2015-07-10,51.77386474609375,51.874725235129446,51.446076172215776,51.52171993589494,389300,AVY
383,2015-07-13,52.42943954467773,52.56391697628103,52.143674601746376,52.21091171445059,528100,AVY
384,2015-07-14,53.009368896484375,53.18586991108084,52.379005381901614,52.379005381901614,734500,AVY
385,2015-07-15,53.38760757446289,53.757419820161175,52.98417515928408,53.1102459855423,970300,AVY
386,2015-07-16,52.91691970825195,53.824644787822045,52.82446587168149,53.57250000111755,872700,AVY
387,2015-07-17,51.958763122558594,52.91691515327695,51.572140935811646,52.91691515327695,1053100,AVY
388,2015-07-20,52.13525390625,52.40420869696251,51.94194285081251,51.97556300120007,621000,AVY
389,2015-07-21,51.74024963378906,52.28656287432972,51.5721520189322,52.19410902584868,495100,AVY
390,2015-07-22,52.0260009765625,52.12685823655486,51.56373185535898,51.681402399243645,656000,AVY
391,2015-07-23,51.45448684692383,52.24454150242369,51.35362634998689,52.09325396321376,559200,AVY
392,2015-07-24,50.52154159545898,51.63098126957156,50.37025407569863,51.336812873479225,506200,AVY
393,2015-07-27,50.25259399414063,50.43749849580464,49.9079953061632,50.2105703894986,447400,AVY
394,2015-07-28,51.37883758544922,51.48809830282552,50.26939788729436,50.42908884774865,1089800,AVY
395,2015-07-29,51.15191268920898,53.74060457280477,50.3282378532378,51.698225962904445,1496200,AVY
396,2015-07-30,51.77386474609375,51.96717908031456,50.71485526078067,50.84933270663305,649300,AVY
397,2015-07-31,51.143497467041016,52.29496392154645,50.88294923778394,52.07643608376215,724900,AVY
398,2015-08-03,50.88295364379883,51.269575905732246,50.311423688681934,51.269575905732246,1008500,AVY
399,2015-08-04,50.68964385986328,51.252767185966185,50.61400009302308,50.924978598390425,818000,AVY
400,2015-08-05,51.58053588867188,52.06801846619997,51.04262629015405,51.25274742746221,816200,AVY
401,2015-08-06,52.00079345703125,52.37060881942274,51.48809721822128,51.6646014621786,777000,AVY
402,2015-08-07,52.98415756225586,53.00937107789446,51.68140688641372,52.068029088447815,830700,AVY
403,2015-08-10,54.33735275268555,54.47182700888764,53.19429271920729,53.19429271920729,1386800,AVY
404,2015-08-11,54.03477096557617,54.10201129154143,53.63974206601831,53.925510245175445,668400,AVY
405,2015-08-12,53.52206802368164,53.799429524388366,52.78244056132517,53.4212107535132,571400,AVY
406,2015-08-13,53.53048324584961,53.80784160142628,53.0093834946905,53.42962595347587,537600,AVY
407,2015-08-14,53.76581954956055,54.03477445841656,53.353980541889854,53.49686464070454,573500,AVY
408,2015-08-17,54.20287322998047,54.42980775993144,53.29515114115499,53.46324877425472,383600,AVY
409,2015-08-18,53.60612106323242,54.15243748145821,53.52207386328776,53.98434308156888,495800,AVY
410,2015-08-19,53.395992279052734,53.65654369181519,52.90851281740698,53.13544407248499,644100,AVY
411,2015-08-20,52.11006164550781,53.11023748092515,52.11006164550781,53.02619027687826,722800,AVY
412,2015-08-21,50.63921356201172,52.093252006517744,50.63921356201172,51.79067693946301,681400,AVY
413,2015-08-24,48.100955963134766,50.02566737453407,45.01637756507026,46.31912866835689,1374500,AVY
414,2015-08-25,46.991512298583984,49.49615700473586,46.93267860999149,49.37848962755086,977000,AVY
415,2015-08-26,48.764923095703125,48.86578036283098,47.05874016609688,48.0252956556445,1039400,AVY
416,2015-08-27,49.68106460571289,50.03406673648937,48.781745989273126,49.36167943534687,682100,AVY
417,2015-08-28,50.06767654418945,50.15172373711973,49.23559843311708,49.54657689439297,929800,AVY
418,2015-08-31,49.12046432495117,50.4313575726684,48.97668718808095,50.00848857493805,681100,AVY
419,2015-09-01,47.61504364013672,48.51152698528448,47.28520637176402,48.2070608217915,975000,AVY
420,2015-09-02,48.61301040649414,48.61301040649414,47.64041383122732,48.08865385173143,657500,AVY
421,2015-09-03,49.05279541015625,49.5771519749883,48.65529758736877,48.77370037043724,845000,AVY
422,2015-09-04,48.57918930053711,49.13737624852304,48.25781118513284,48.30855340007329,758600,AVY
423,2015-09-08,49.99156951904297,50.07614202148255,49.31497982082378,49.47566886595266,623500,AVY
424,2015-09-09,49.50102996826172,50.4313434382701,49.43337262522909,50.36368286900396,838600,AVY
425,2015-09-10,49.80550003051758,50.35523090761942,49.35726001537021,49.35726001537021,710200,AVY
426,2015-09-11,49.65327072143555,49.75476159107056,49.052797594148174,49.51795278815622,380300,AVY
427,2015-09-14,49.62789916992188,49.90699099331807,49.16274398010557,49.65327027398499,530300,AVY
428,2015-09-15,50.093055725097656,50.28757505609605,49.24731782011292,49.48412340111374,684900,AVY
429,2015-09-16,50.92187881469727,51.04028160596467,49.771674740269766,49.771674740269766,783000,AVY
430,2015-09-17,50.98954391479492,51.6407625507104,50.73582316441815,50.94725766077119,701600,AVY
431,2015-09-18,50.03385162353516,50.76964265772767,49.90698965415573,50.346773728108126,844700,AVY
432,2015-09-21,49.6701774597168,50.60049091651173,49.45874302311342,50.29602481160551,581300,AVY
433,2015-09-22,48.45233154296875,49.306525516624376,48.30855440310524,48.93440195231882,926800,AVY
434,2015-09-23,48.42695236206055,48.86673647198954,48.00408339784815,48.638386844166746,775600,AVY
435,2015-09-24,48.05484008789063,48.19861724703257,47.31058963325181,47.97872352745898,869200,AVY
436,2015-09-25,47.97871780395508,48.78216957350215,47.27675692036637,48.765254425842414,680900,AVY
437,2015-09-28,47.08224487304688,47.93644227675418,46.94692688771759,47.73346368564261,797100,AVY
438,2015-09-29,47.01457977294922,47.36133225505289,46.76085899540124,47.1752688459415,540500,AVY
439,2015-09-30,47.84339904785156,47.88568530317559,46.99766103643296,47.60659343704938,997400,AVY
440,2015-10-01,49.17965316772461,49.23039536970439,47.73343911286248,47.77572858282376,1317900,AVY
441,2015-10-02,50.30448913574219,50.32986023995939,48.15631412828965,48.57072711249664,1034600,AVY
442,2015-10-05,50.18608093261719,51.05718982991024,49.932360239119895,50.60049387210857,1133500,AVY
443,2015-10-06,49.56869888305664,50.20300230866907,49.30651897235924,50.16071605887505,665300,AVY
444,2015-10-07,49.720924377441406,50.397513949621406,49.43337340598571,49.85624229187741,704800,AVY
445,2015-10-08,50.02539443969727,50.15225317973686,49.28960019728554,49.61943743811585,669700,AVY
446,2015-10-09,50.4144401550293,50.930340825222544,50.00002713637487,50.20300566568677,522400,AVY
447,2015-10-12,50.312950134277344,50.77810534368011,50.033855072895214,50.4651799913,544300,AVY
448,2015-10-13,50.109962463378906,50.48208591769664,49.932358307425,50.109962463378906,745300,AVY
449,2015-10-14,49.58561325073242,50.414435993388864,49.47566642200467,50.152256086802375,667900,AVY
450,2015-10-15,50.18608093261719,50.24528232022544,49.078163258657504,49.72092579016655,991100,AVY
451,2015-10-16,50.63433456420898,50.73582544991906,50.211465552453895,50.380613802402834,586400,AVY
452,2015-10-19,50.89650344848633,50.93878969522227,50.30448631548165,50.51592077539519,371300,AVY
453,2015-10-20,51.39549255371094,51.42086365830793,50.54129546829306,50.78656023351079,479800,AVY
454,2015-10-21,51.09102630615234,51.57309665007424,51.02336895193151,51.57309665007424,501900,AVY
455,2015-10-22,53.15462493896485,53.2730309532516,51.50543863932446,51.54772488845273,503100,AVY
456,2015-10-23,54.05111312866211,54.27946276599928,53.49292620169381,53.67053039976684,567300,AVY
457,2015-10-26,53.77202224731445,54.16952012979437,53.51829827265574,53.9919127022864,653900,AVY
458,2015-10-27,53.408348083496094,53.67898394533025,52.71484328426683,53.459090291193775,730800,AVY
459,2015-10-28,54.34712219238281,54.38940521818285,53.29840572026805,53.50984020667363,527200,AVY
460,2015-10-29,55.125186920166016,55.8948049190176,53.98344224573473,53.98344224573473,900100,AVY
461,2015-10-30,54.94759750366211,55.548070694189626,54.77844603645588,55.36200730649713,1077300,AVY
462,2015-11-02,55.55652618408203,55.81024368930661,54.55855517760813,54.99833605814504,1209400,AVY
463,2015-11-03,55.06598663330078,55.80178081491848,55.04061553263588,55.53114498704768,1154700,AVY
464,2015-11-04,54.51626586914063,55.39583408540353,54.23717080530879,55.3281735028137,1063500,AVY
465,2015-11-05,54.82918548583984,55.02370157484216,54.364027094803646,54.6346629443699,901300,AVY
466,2015-11-06,55.04905700683594,55.04905700683594,54.43167217535683,54.54161573990996,840500,AVY
467,2015-11-09,55.26897811889648,55.44658232816519,54.592391576796985,54.91376970035907,728200,AVY
468,2015-11-10,54.13568878173828,55.37892461890312,53.33223707218436,55.20131396862078,1042900,AVY
469,2015-11-11,55.17594146728516,55.43812461668859,53.7381895484908,54.28792050066573,806800,AVY
470,2015-11-12,53.17999267578125,55.02369807380266,53.09541696177704,54.77843334254085,683200,AVY
471,2015-11-13,52.74867248535156,53.30685937628841,52.46112146721839,53.230742835422745,971100,AVY
472,2015-11-16,53.569034576416016,53.74663874739851,52.65563616639095,52.790954090887205,685500,AVY
473,2015-11-17,53.77202224731445,54.26255182367132,53.43372576525908,53.72973276738176,609900,AVY
474,2015-11-18,55.294342041015625,55.37046180793492,53.79738878459672,53.81430392988611,888100,AVY
475,2015-11-19,55.818695068359375,55.98784004818563,55.07444812366951,55.345083962871946,701300,AVY
476,2015-11-20,55.776405334472656,56.36842566601101,55.590348438527016,56.05550035709214,567800,AVY
477,2015-11-23,55.573429107666016,56.17390216103991,55.32816437558926,55.691831881431725,584500,AVY
478,2015-11-24,55.91173553466797,55.9793961182245,54.9222236969102,55.21823068438453,702900,AVY
479,2015-11-25,55.96247100830078,56.15699354948848,55.463488782702,55.90326961793368,387800,AVY
480,2015-11-27,55.96247100830078,56.19082383719362,55.463488782702,55.86943933022853,325700,AVY
481,2015-11-30,56.09854888916016,56.42173407403735,55.65629513676241,56.0049940877154,890100,AVY
482,2015-12-01,56.2856559753418,56.676882178095006,55.9794778186219,56.18359442685184,689600,AVY
483,2015-12-02,55.54573059082031,56.60034724415328,55.48619630303141,56.16659372526232,651900,AVY
484,2015-12-03,54.43157958984375,55.775360768268,53.98932261635128,55.65629220701521,1183800,AVY
485,2015-12-04,55.75835800170898,55.91995386113012,54.49112436223864,54.64421346886099,870800,AVY
486,2015-12-07,55.35861587524414,56.08154050304508,55.03543069827145,55.42665690894896,852900,AVY
487,2015-12-08,54.62719345092773,55.23104298090417,54.3635360869242,54.75476226879275,702600,AVY
488,2015-12-09,54.10840225219727,55.24806381289392,53.742689742426094,54.57617308616311,739700,AVY
489,2015-12-10,54.17642974853516,54.797289535705495,54.11689547061299,54.26147779003116,644300,AVY
490,2015-12-11,53.530067443847656,54.21896844619813,53.40249534707026,53.58109822918404,584700,AVY
491,2015-12-14,53.428001403808594,54.27849490370288,53.138833484069536,53.64913153063124,698400,AVY
492,2015-12-15,53.83622741699219,54.13390203064781,53.402477243986326,53.9552959647046,1017200,AVY
493,2015-12-16,54.90787124633789,55.03544659920618,54.04037052658714,54.19345965227868,763100,AVY
494,2015-12-17,53.640621185302734,54.97589563113435,53.63211767839856,54.86533381950499,670200,AVY
495,2015-12-18,52.7816276550293,53.85324803500804,52.722093369718,53.4960423231402,1335300,AVY
496,2015-12-21,53.49605178833008,53.87877133465394,53.09631873533535,53.30043539412464,481200,AVY
497,2015-12-22,53.640621185302734,53.81922402966556,53.00275110311406,53.58959041075264,493200,AVY
498,2015-12-23,54.380558013916016,54.397568274739946,53.54707469979639,53.95531122644424,622300,AVY
499,2015-12-24,54.48262023925781,54.71225715465124,54.03185965043184,54.41458243546132,193500,AVY
500,2015-12-28,54.4230842590332,54.60168388336843,53.83624162701891,54.17644034831344,289800,AVY
501,2015-12-29,54.0828742980957,54.83130938277669,53.77669616143644,54.83130938277669,673700,AVY
502,2015-12-30,53.87026596069336,54.338036802298255,53.5640877387336,53.768207634832,891100,AVY
503,2015-12-31,53.29192352294922,54.15092054561962,53.26640975569796,53.75119079972363,562900,AVY
504,2016-01-04,52.050201416015625,52.5179721792636,51.157183914474025,52.4584378954525,1241800,AVY
505,2016-01-05,52.4499397277832,52.534991035986494,51.83758653059787,51.99917914962061,784300,AVY
506,2016-01-06,51.83757781982422,52.330862347009216,51.48887562572574,51.76103327749162,623300,AVY
507,2016-01-07,50.28116989135742,51.386810684290914,50.24715262041133,50.88502268299314,796500,AVY
508,2016-01-08,50.76595687866211,51.40382701662455,50.40875115870329,50.68941233233161,1364400,AVY
509,2016-01-11,50.78296661376953,51.21672011995369,50.00051414325144,50.89353167829936,1060900,AVY
510,2016-01-12,50.944557189941406,51.446348437853175,50.42575568429322,51.07212925640207,893200,AVY
511,2016-01-13,49.89844131469727,51.47185589662443,49.71983849690741,50.97856821582443,919000,AVY
512,2016-01-14,50.97008514404297,51.47187653164965,49.94098859730961,50.04304692776539,1038600,AVY
513,2016-01-15,50.12809753417969,50.34072095928215,49.21806953429125,49.52424778553895,965400,AVY
514,2016-01-19,50.153594970703125,50.73193072074152,49.63479349690032,50.73193072074152,787500,AVY
515,2016-01-20,50.19612884521485,50.621375612885885,48.52916229459445,49.47320739354885,785400,AVY
516,2016-01-21,50.08556365966797,50.680909781885504,49.84742650853109,50.51081042634115,1053800,AVY
517,2016-01-22,51.65898132324219,51.701505353240734,50.69792267227242,51.02961464838685,893900,AVY
518,2016-01-25,49.46470260620117,51.361302751629005,49.294603254657694,51.14867937329348,1273500,AVY
519,2016-01-26,50.69791030883789,50.978571433885385,49.005427074878206,49.38814974028364,743000,AVY
520,2016-01-27,50.774452209472656,51.23371938414806,50.34920554648608,50.451263837177976,1243500,AVY
521,2016-01-28,50.47678756713867,51.18269872440267,50.32369847868082,51.09765067275952,676100,AVY
522,2016-01-29,51.78655242919922,51.854593471404414,50.4087537682986,50.73194223002236,907400,AVY
523,2016-02-01,51.90562057495117,52.033195905832144,51.19971261203597,51.59944237633718,1704100,AVY
524,2016-02-02,50.91054534912109,51.505891493836735,50.50230882701264,51.29326810246511,1287700,AVY
525,2016-02-03,54.21044921875,56.44724770626063,53.28341130904976,54.26147674491485,2587700,AVY
526,2016-02-04,54.74626541137695,55.11197785241575,53.94679949637353,53.94679949637353,1805900,AVY
527,2016-02-05,53.75118255615234,54.98439861271009,53.52154895298299,54.53363815706735,1048500,AVY
528,2016-02-08,52.16077423095703,53.35146332856971,51.57393156846789,53.35146332856971,1066500,AVY
529,2016-02-09,53.4875373840332,53.98082518690209,51.34429330706472,51.65047149582812,1635900,AVY
530,2016-02-10,53.6151123046875,54.85683206582192,53.53856775807645,53.86175620425367,1017800,AVY
531,2016-02-11,52.968727111816406,53.29191550734807,52.38188784267651,52.696569487487054,792800,AVY
532,2016-02-12,54.41458511352539,54.5166434464309,53.21538915766399,53.53857766363665,783700,AVY
533,2016-02-16,55.13749313354492,55.25656170006382,54.16792785394438,55.03543158135006,946300,AVY
534,2016-02-17,54.60169219970703,55.80939816868487,54.491130356165854,55.44368562312328,832400,AVY
535,2016-02-18,54.58467483520508,54.79729821700492,54.2019520990903,54.51663379572897,758500,AVY
536,2016-02-19,54.93337631225586,55.15450645626177,54.36354718034733,54.686738888221576,996800,AVY
537,2016-02-22,55.30758285522461,55.86891159445392,54.814295142947245,54.93336369573841,711600,AVY
538,2016-02-23,54.4230842590332,55.40114990509795,54.295508927453895,55.0439441676766,565300,AVY
539,2016-02-24,55.09495544433594,55.18851022729938,53.57257488900871,53.98931479300558,730800,AVY
540,2016-02-25,56.33668899536133,56.37070951484003,55.34161313342405,55.41816092443879,647800,AVY
541,2016-02-26,56.51529312133789,56.88951235523112,56.31117648864648,56.65137520229934,618000,AVY
542,2016-02-29,55.69425582885742,56.90016302252406,55.69425582885742,56.48108953927231,1146900,AVY
543,2016-03-01,57.12252426147461,57.772520366737496,56.23305762403135,56.275823015527536,1338900,AVY
544,2016-03-02,57.68699645996094,58.06331106971924,56.75477084498401,56.9514760091152,1145700,AVY
545,2016-03-03,58.362640380859375,58.43961677798648,57.43041490787853,57.669885432127465,1010700,AVY
546,2016-03-04,58.03764724731445,58.33698541111399,57.72975470023989,58.15738251283427,1114300,AVY
547,2016-03-07,58.106075286865234,58.106075286865234,57.53304899952374,57.69554967318152,1110300,AVY
548,2016-03-08,58.311336517333984,58.78172978358593,57.37055650991354,57.892263032453535,978300,AVY
549,2016-03-09,59.09816360473633,59.61987006878273,58.20869695333069,58.65343354157487,1164800,AVY
550,2016-03-10,59.551456451416016,59.98763871773611,58.961334411777386,59.27777486815478,999000,AVY
551,2016-03-11,59.73959732055664,60.1757794668214,59.02973366635911,60.1757794668214,864200,AVY
552,2016-03-14,59.20936584472656,59.696861422160325,58.858707811354094,59.551462967421976,1067200,AVY
553,2016-03-15,59.02119827270508,59.36330186113388,58.46528075714369,58.71330569562748,1064000,AVY
554,2016-03-16,59.18367004394531,59.440249269529545,58.43960203489642,58.92709734344184,923600,AVY
555,2016-03-17,59.69684982299805,59.86789835111084,59.09816692443708,59.44027050574576,1327200,AVY
556,2016-03-18,60.26130294799805,60.500773448757634,59.57710244941091,59.8593318109737,4154400,AVY
557,2016-03-21,60.69750595092773,60.77447584187772,60.26132366029245,60.26132366029245,783100,AVY
558,2016-03-22,61.09946441650391,61.54419447395031,60.56064919248152,60.65472783397488,829000,AVY
559,2016-03-23,61.02246856689453,61.45009624644541,60.6718172627047,60.817209107732666,810100,AVY
560,2016-03-24,60.714599609375,61.13367959555759,60.49223782802274,60.75736500391056,566900,AVY
561,2016-03-28,60.95406723022461,61.19354429300248,60.81722971943432,60.97973038076289,435500,AVY
562,2016-03-29,61.9461555480957,61.98892093272939,60.81721855963104,61.00537581188875,583800,AVY
563,2016-03-30,61.920528411865234,62.12578800066533,61.35605638630911,62.10868575371727,392900,AVY
564,2016-03-31,61.67246627807617,62.03167197342899,61.39023043526435,61.92904550337433,783600,AVY
565,2016-04-01,62.31393432617188,62.39945859596188,61.19355138423077,61.35604553930671,1002300,AVY
566,2016-04-04,62.27969741821289,62.621800880214586,61.84351534103371,62.43364364985961,1020900,AVY
567,2016-04-05,61.62972640991211,62.26262035427354,61.27907495027503,62.17708956038227,971000,AVY
568,2016-04-06,62.45076751708984,62.56195493267268,61.51854194845788,61.6895904761626,826700,AVY
569,2016-04-07,61.21064758300781,62.15142750795368,61.00538805076648,61.98037898526639,1166600,AVY
570,2016-04-08,61.33893966674805,61.9889358238505,61.15078236929077,61.70669987766459,665600,AVY
571,2016-04-11,61.03104019165039,61.81787377832221,60.9455159365917,61.433011368016885,756600,AVY
572,2016-04-12,61.24485778808594,61.41590630852644,60.9369652312268,61.03104387499391,773300,AVY
573,2016-04-13,61.84354782104492,61.91196985439643,61.11658166066679,61.535655196047365,585700,AVY
574,2016-04-14,61.58694076538086,62.08298391886296,61.50141653375158,61.76654360932655,459100,AVY
575,2016-04-15,62.08301162719727,62.13433140914392,61.586968252325526,61.586968252325526,548700,AVY
576,2016-04-18,62.767215728759766,62.767215728759766,61.604067446826114,61.81788137328328,547400,AVY
577,2016-04-19,62.767215728759766,63.57115818026534,62.72445033343505,63.01524066646007,583800,AVY
578,2016-04-20,62.45076751708984,63.04089603031236,62.39945426379504,62.78432323875528,538000,AVY
579,2016-04-21,62.27117538452149,63.06656357368678,62.14289222907885,62.570520147445485,525700,AVY
580,2016-04-22,62.878379821777344,62.9211452056761,62.00602210594336,62.44220422640108,670000,AVY
581,2016-04-25,62.25406646728516,62.65603771148548,62.07446354382866,62.65603771148548,387000,AVY
582,2016-04-26,62.21128845214844,62.42510234505183,61.96326355337064,62.2882648466364,1044900,AVY
583,2016-04-27,63.690879821777344,64.26389945598736,62.92114854630324,62.92970292855345,1219500,AVY
584,2016-04-28,62.80998229980469,63.28036903176556,62.45932432181114,63.11787488167301,1350900,AVY
585,2016-04-29,62.1001091003418,62.750105177737176,61.81787318876562,62.750105177737176,1116100,AVY
586,2016-05-02,63.5882682800293,63.699455711578096,61.80078676603402,62.13433601051241,898900,AVY
587,2016-05-03,64.28956604003906,64.30667480719069,62.62182012231092,63.29747287297799,1768600,AVY
588,2016-05-04,63.27180862426758,64.22969066670142,62.767204455415154,63.79350850804627,839600,AVY
589,2016-05-05,63.34022903442383,63.68233258692859,63.12641512974367,63.288915785327,646700,AVY
590,2016-05-06,64.03300476074219,64.04155262077063,62.8869585837838,63.288929857976285,592700,AVY
591,2016-05-09,64.30667877197266,64.48628168764107,63.90470754520293,63.99878619508875,598300,AVY
592,2016-05-10,65.38430786132812,65.38430786132812,64.25537038757417,64.40076884278129,570700,AVY
593,2016-05-11,64.82837677001953,65.3928420701903,64.3750858231879,65.3928420701903,596100,AVY
594,2016-05-12,65.31588745117188,65.63232791945225,64.78562650893325,65.23891103653348,735300,AVY
595,2016-05-13,64.64021301269531,65.6921736359638,64.3323205070846,65.18757601709619,796400,AVY
596,2016-05-16,65.63231658935547,65.82047387589677,64.69153668173172,64.77706094150065,493200,AVY
597,2016-05-17,64.41785430908203,65.4185018382162,63.99022649064016,65.30732095445107,696300,AVY
598,2016-05-18,63.66525268554688,64.42642993129658,63.40011891365267,64.28958585224346,729900,AVY
599,2016-05-19,63.81917953491211,63.91325817927798,63.03233937066272,63.57115461113688,601000,AVY
600,2016-05-20,62.69880294799805,63.52840214894705,62.67314631705474,63.263274929087366,1744600,AVY
601,2016-05-23,62.81853103637695,63.43431620871454,62.7159045243763,62.72445238365408,773000,AVY
602,2016-05-24,63.71653366088867,63.827714524958864,63.05798980818113,63.186272910923066,459700,AVY
603,2016-05-25,64.06720733642578,64.52049181141294,63.92180890900397,64.13562283306078,494600,AVY
604,2016-05-26,63.60536575317383,64.47772365492516,63.571154743780056,64.10140907667646,366000,AVY
605,2016-05-27,64.21595764160156,64.21595764160156,63.063565112018345,63.63976137680996,469600,AVY
606,2016-05-31,63.96657180786133,64.31057190564583,63.51937627362076,64.28477304653181,788500,AVY
607,2016-06-01,63.77738571166992,63.914981830695,63.28718108410799,63.484983296699134,539600,AVY
608,2016-06-02,64.74055480957031,64.74055480957031,63.45916147894179,63.76876083632586,711400,AVY
609,2016-06-03,65.14474487304688,65.22214142052401,64.38795019894924,64.81794851494296,827300,AVY
610,2016-06-06,65.35977172851562,65.66937117213016,65.00716981057715,65.23937267391624,712800,AVY
611,2016-06-07,65.37696838378906,65.78976982651606,65.20497161005234,65.35977133091792,578700,AVY
612,2016-06-08,65.75535583496094,65.87575486443045,65.03296165814386,65.47155531067351,341800,AVY
613,2016-06-09,65.84996032714844,66.00476002679505,65.39416303409327,65.63496110882012,383400,AVY
614,2016-06-10,66.3143539428711,66.4347529702793,65.35975696752396,65.42855828640148,678900,AVY
615,2016-06-13,65.11035919189453,66.22835769505222,65.09316214225208,65.9445571665384,540500,AVY
616,2016-06-14,65.25654602050781,65.4285492940619,64.35355343905137,64.7921470237928,787400,AVY
617,2016-06-15,65.06734466552734,65.80693569108116,64.19014447594073,65.3339415068462,682000,AVY
618,2016-06-16,65.26514434814453,65.32534385036843,64.49114606151325,64.89534553126812,779700,AVY
619,2016-06-17,64.53416442871094,65.17916206638445,63.93216269679583,65.17916206638445,644500,AVY
620,2016-06-20,65.5489501953125,65.96174494123905,65.27375151094341,65.35974986957359,523400,AVY
621,2016-06-21,65.64356231689453,66.02195647605268,65.57476099295474,65.77256315896781,518700,AVY
622,2016-06-22,65.66935729980469,66.03055438730175,65.4715551454582,65.67795910510367,620100,AVY
623,2016-06-23,66.32294464111328,66.54653904813809,65.99614171180136,66.38314414473592,295000,AVY
624,2016-06-24,63.312984466552734,65.27377666856178,63.020582061008255,64.19878036822728,825800,AVY
625,2016-06-27,61.15436553955078,62.93455843671708,60.98236882495904,62.74535811391371,965000,AVY
626,2016-06-28,61.91977691650391,61.92837872267168,61.17157725004412,61.610177507020936,1426000,AVY
627,2016-06-29,62.62494659423828,62.822748681643205,62.31534732080184,62.7109449343589,612300,AVY
628,2016-06-30,64.28475952148438,64.28475952148438,62.63356727302498,62.87436532243513,659100,AVY
629,2016-07-01,62.45296859741211,63.17536274403989,62.08316971913701,62.37556547527071,1582400,AVY
630,2016-07-05,61.17156600952149,62.16916538148829,60.89636731402279,62.06596341020586,1309800,AVY
631,2016-07-06,61.76496124267578,62.04015991759182,60.89636275946261,61.16296619168881,1097200,AVY
632,2016-07-07,62.06596374511719,62.61636113908455,61.63596537100178,61.89396701997282,790800,AVY
633,2016-07-08,63.03775787353516,63.08935557359208,62.323959070229904,62.70235970065752,520800,AVY
634,2016-07-11,62.77115631103516,63.31295842273748,62.5131612418353,63.20975645830513,747900,AVY
635,2016-07-12,62.74535751342773,63.15815881025304,62.53896014564209,62.91736078762746,1027300,AVY
636,2016-07-13,62.93456268310547,63.44195761826447,62.76256595690858,63.05496170369421,846300,AVY
637,2016-07-14,63.089351654052734,63.65694600317752,63.08074985082638,63.40755276089386,584100,AVY
638,2016-07-15,63.23555755615234,63.79455673449689,63.18395985272967,63.36455837596328,582700,AVY
639,2016-07-18,63.47635269165039,63.88055218003507,62.951754193268656,63.0807550071952,671400,AVY
640,2016-07-19,62.70236587524414,63.24416146295636,62.32396520755369,63.175360148602735,473000,AVY
641,2016-07-20,63.14956665039063,63.441962419303614,62.728170046440425,62.80556661070974,407900,AVY
642,2016-07-21,62.22935485839844,63.20975046313039,62.08315701025936,63.19255341798307,540300,AVY
643,2016-07-22,62.43574142456055,62.71954182988296,61.94554370684559,62.17774642438293,621600,AVY
644,2016-07-25,62.143367767333984,62.60776680547748,61.79076594603343,62.45296712609632,646700,AVY
645,2016-07-26,65.67796325683594,65.74675801981152,63.33016891718275,64.0697667495274,1580000,AVY
646,2016-07-27,67.5527572631836,67.78495353285047,65.84996056102318,65.93595893640885,1531500,AVY
647,2016-07-28,67.20875549316406,67.7849518109927,66.52935719074085,67.54415374152731,748100,AVY
648,2016-07-29,66.98514556884766,67.17434590149115,66.22835079952812,66.94214310733616,706200,AVY
649,2016-08-01,67.20875549316406,67.32055272220005,66.75295821006812,66.75295821006812,706500,AVY
650,2016-08-02,66.95075988769531,67.64736186472449,66.87336331316757,67.26035930831809,997700,AVY
651,2016-08-03,66.4261474609375,66.92494715310222,65.99614908381368,66.8475505946221,722300,AVY
652,2016-08-04,66.55516815185547,66.97656485006495,66.44337090248543,66.5895688196439,430900,AVY
653,2016-08-05,67.47535705566406,67.89675370618869,66.82175756415748,66.94215660716452,572300,AVY
654,2016-08-08,67.69895935058594,67.92256038944241,67.1227629824326,67.36356107292917,697900,AVY
655,2016-08-09,67.70753479003906,68.01712752778879,67.49253564135658,67.8021283791063,503700,AVY
656,2016-08-10,67.67312622070312,68.17191920073195,67.10552538519278,67.70752686781762,672700,AVY
657,2016-08-11,67.33773803710938,67.95693009266891,66.96793922769345,67.75913454417523,585200,AVY
658,2016-08-12,67.2431640625,67.38936197026041,67.06256548916255,67.13136025906059,428600,AVY
659,2016-08-15,67.22594451904297,67.64734765156294,67.22594451904297,67.42374665892525,458400,AVY
660,2016-08-16,66.47773742675781,67.15712894255472,66.47773742675781,67.0281347061712,391600,AVY
661,2016-08-17,66.46916198730469,66.58956102985142,66.24556095346544,66.54655855983228,514300,AVY
662,2016-08-18,66.17672729492188,66.5551278502023,66.01333242343921,66.3573323317621,645000,AVY
663,2016-08-19,66.60674285888672,66.752947286785,65.60915008273723,65.720947293479,418200,AVY
664,2016-08-22,66.35736083984375,66.38315969583233,65.76396090708491,66.36595608433639,546600,AVY
665,2016-08-23,67.21736145019531,67.33776049236383,66.68416100540924,66.75296233272145,491200,AVY
666,2016-08-24,66.53795623779297,67.24315336681373,66.39175179203176,67.24315336681373,347000,AVY
667,2016-08-25,66.99373626708984,67.27753671900626,66.0821354119571,66.53793912015014,650200,AVY
668,2016-08-26,66.1595687866211,67.28616274534045,65.98757201290663,67.14856663862014,577100,AVY
669,2016-08-29,66.53795623779297,66.90775513235599,66.0907542176793,66.34015408250134,500400,AVY
670,2016-08-30,66.64977264404297,66.96797392065412,66.40037270744345,66.61537197403715,333700,AVY
671,2016-08-31,66.59815216064453,66.79594774401288,66.26275394427674,66.61534920914212,560000,AVY
672,2016-09-01,66.51213836669922,67.010938002938,66.05634118785316,66.70133868122109,484000,AVY
673,2016-09-02,67.55830383300781,67.75716020351848,66.90986861070772,66.90986861070772,530000,AVY
674,2016-09-06,67.53237915039062,67.9127966573418,66.91852782540826,67.87821264796212,465700,AVY
675,2016-09-07,67.7225570678711,67.8522453949378,67.25568304816431,67.46318041373766,395600,AVY
676,2016-09-08,67.10873413085938,67.71393778236357,67.10008647977358,67.39404065443988,533200,AVY
677,2016-09-09,65.12882232666016,66.62454224735613,65.12882232666016,66.58995825084799,1004100,AVY
678,2016-09-12,65.95881652832031,66.14902520544999,64.56684204156882,64.8089234138347,518600,AVY
679,2016-09-13,65.37090301513672,65.83777706872839,65.03371729802431,65.5438163996272,505900,AVY
680,2016-09-14,65.2931137084961,65.7081152333618,65.11155260268781,65.27582500156336,382800,AVY
681,2016-09-15,66.43433380126953,66.52943814294993,65.19799055187018,65.33631994217255,436500,AVY
682,2016-09-16,66.06256103515625,66.78880506972793,66.05391338820507,66.49485103560755,799800,AVY
683,2016-09-19,66.96173095703125,67.19517129482571,66.4775681767511,66.52944087571737,606400,AVY
684,2016-09-20,67.10873413085938,67.44591996472958,67.07415012274126,67.44591996472958,533700,AVY
685,2016-09-21,67.56694793701172,67.59288428914672,66.81476074397757,67.14330546095113,423200,AVY
686,2016-09-22,68.16349029541016,68.26724227958086,67.61015957227815,68.10296995369956,702300,AVY
687,2016-09-23,67.65340423583984,68.20673506547021,67.54965223170022,67.73986094117762,331800,AVY
688,2016-09-26,66.97040557861328,67.68800898570997,66.91853285875476,67.2470710782351,421300,AVY
689,2016-09-27,67.2470474243164,67.33350412574504,66.66778026889877,66.8234049699597,408600,AVY
690,2016-09-28,67.70527648925781,67.82631719517,67.238402368072,67.37673837267094,331100,AVY
691,2016-09-29,66.61589050292969,67.67932019091779,66.52078617685312,67.48911153876466,404200,AVY
692,2016-09-30,67.25569915771484,67.48049187205956,66.52944830991802,67.06549044528654,582200,AVY
693,2016-10-03,67.47183227539062,67.5064162711833,66.6418361650346,66.88391753936061,911800,AVY
694,2016-10-04,65.491943359375,67.72256162718381,65.31902997579314,67.52370529946418,969100,AVY
695,2016-10-05,65.75131225585938,66.20953860476637,65.31037460477705,65.5178719597832,678200,AVY
696,2016-10-06,66.74559783935547,66.88393385627444,65.51789537220915,65.61299973478486,560900,AVY
697,2016-10-07,66.05391693115234,66.8925606324059,65.6216269075142,66.8925606324059,531200,AVY
698,2016-10-10,65.88965606689453,66.88392461336933,65.83778336583055,66.5121548645561,429100,AVY
699,2016-10-11,65.3276596069336,65.66484526332682,65.09422592028506,65.56974094011626,352200,AVY
700,2016-10-12,65.77725982666016,65.91558922153175,65.4660104429202,65.53517843846754,472000,AVY
701,2016-10-13,65.46601867675781,65.92424516150093,64.64466346783098,65.18070560640774,499400,AVY
702,2016-10-14,66.0971450805664,66.65912345693827,65.85506371135331,65.86371135917452,392400,AVY
703,2016-10-17,66.14900970458984,66.98765325929143,66.05390538831104,66.27869800826286,387500,AVY
704,2016-10-18,66.08850860595703,66.98767275117952,66.07121330911683,66.59860772695139,461100,AVY
705,2016-10-19,66.27008819580078,66.6245627255732,65.65623691060472,66.2441518395034,368400,AVY
706,2016-10-20,65.64757537841797,65.97611348242279,65.1461172752868,65.97611348242279,589000,AVY
707,2016-10-21,65.27578735351562,65.46599600119947,64.76568834038315,65.18933067626523,408900,AVY
708,2016-10-24,65.62162780761719,66.14902217138753,65.34496245254277,65.80318882848893,498500,AVY
709,2016-10-25,65.50922393798828,65.77724822440246,65.15474956672327,65.4919352402625,915900,AVY
710,2016-10-26,61.35060501098633,65.17204758864813,59.32749068030286,64.15184277509532,2878800,AVY
711,2016-10-27,60.83185577392578,61.61862022726221,60.58112675580991,61.61862022726221,1854800,AVY
712,2016-10-28,59.3188362121582,61.12580530337607,59.26696352130131,60.60705860614074,1377200,AVY
713,2016-10-31,60.33905792236328,60.49468263503796,59.3620845904869,59.37072564391816,979300,AVY
714,2016-11-01,59.820308685302734,60.48603256519256,59.37937091766345,60.39092821146205,848000,AVY
715,2016-11-02,59.64737701416016,59.94997871856237,59.37935930400712,59.742481349289775,806300,AVY
716,2016-11-03,60.90966033935547,61.00476467014143,59.99320762038764,60.13154359106618,1386100,AVY
717,2016-11-04,61.10853576660156,61.97311606516909,60.78863868149087,60.79728633141932,1108000,AVY
718,2016-11-07,61.9125862121582,62.06821090588009,61.359255433641074,61.96445891132444,587400,AVY
719,2016-11-08,61.60999298095703,61.99905147087472,61.402488963191765,61.73103369320805,627600,AVY
720,2016-11-09,61.41977310180664,61.65320683409371,59.63874014842096,60.80592200230209,658000,AVY
721,2016-11-10,60.76270294189453,61.75697161453842,60.38228549588923,61.61863559918221,963400,AVY
722,2016-11-11,60.13156127929688,60.9529099090857,59.59551912956921,60.58978777357216,964400,AVY
723,2016-11-14,61.169063568115234,61.20364757581382,59.78573624129685,60.15750607877539,1062600,AVY
724,2016-11-15,61.532169342041016,61.69644168573642,61.02207020605269,61.21227889954774,693600,AVY
725,2016-11-16,61.7137451171875,61.85208114410241,60.970205463081946,61.30739787963082,885800,AVY
726,2016-11-17,62.19791030883789,62.63020046867975,61.58405907340938,61.61863648151929,1044500,AVY
727,2016-11-18,61.0220947265625,62.059588712783984,60.94427904967164,61.97313197996984,551500,AVY
728,2016-11-21,60.73674774169922,61.17768540854559,60.61570706393312,61.02206073767172,525900,AVY
729,2016-11-22,61.973106384277344,62.02497908329656,60.83186083229249,60.96154917606369,675800,AVY
730,2016-11-23,61.57540512084961,62.26706534806854,61.47165311846611,61.81748653018742,679700,AVY
731,2016-11-25,61.9990348815918,62.00768252907416,61.45435182220482,61.65320154074288,253700,AVY
732,2016-11-28,62.74257278442383,62.87226110872877,61.86934510340755,61.90392909630367,842600,AVY
733,2016-11-29,63.071102142333984,63.382351439340745,62.33621053404296,62.63881218496029,952300,AVY
734,2016-11-30,62.30165100097656,63.11435855063944,62.06821723470311,63.10571090115558,1383700,AVY
735,2016-12-01,61.54081726074219,62.34487708917542,61.14311117088169,62.30164544183749,1003000,AVY
736,2016-12-02,62.00768661499024,62.27570433860322,61.454355871659885,61.54081256351348,821800,AVY
737,2016-12-05,63.22508239746094,63.25986525005391,62.44248479949609,62.44248479949609,1022900,AVY
738,2016-12-06,63.65983963012695,63.76418815762485,62.75550562759181,63.120715522611135,1116700,AVY
739,2016-12-07,63.74681091308594,64.37288898158769,63.007693551052185,63.9120278017602,756800,AVY
740,2016-12-08,64.06851959228516,64.48590700203931,63.43374442694292,63.74678332572159,755000,AVY
741,2016-12-09,63.14680099487305,64.0424375341361,62.93810396180635,63.85113523756571,742500,AVY
742,2016-12-12,63.22508239746094,63.43377287886797,62.5033531329961,63.12943121136797,641700,AVY
743,2016-12-13,63.08594512939453,63.91201615391459,62.96420848649999,63.35550389092539,850800,AVY
744,2016-12-14,62.4163932800293,63.47724696195336,62.29465662480688,63.18160269474182,536200,AVY
745,2016-12-15,62.372894287109375,62.55549919556066,62.08594087347989,62.22506557957006,592400,AVY
746,2016-12-16,62.55551528930664,63.225066792551125,62.39029843880577,62.65985718718159,1443100,AVY
747,2016-12-19,61.98161697387695,62.92073399085087,61.78162388557608,62.37291904802446,503100,AVY
748,2016-12-20,62.19029235839844,62.372903929226766,61.129445578755735,61.85986532547516,738100,AVY
749,2016-12-21,62.2337760925293,62.73811735620161,61.529441777705145,62.07725661877406,321200,AVY
750,2016-12-22,62.059871673583984,62.45116706081517,61.659878916771234,62.312042318256,353600,AVY
751,2016-12-23,62.11204528808594,62.20769645514016,61.82509178692328,61.9207429539775,289700,AVY
752,2016-12-27,62.338111877441406,62.83375567066211,62.07724392978947,62.31202640950571,224300,AVY
753,2016-12-28,61.55551528930664,62.76419063292941,61.5033443529092,62.53810551829458,288000,AVY
754,2016-12-29,61.407691955566406,62.233762724293584,61.17290947829199,61.616382331028994,365100,AVY
755,2016-12-30,61.05988311767578,61.93813164109866,60.88596890632289,61.685961010248576,585400,AVY
