,Date,Close,High,Low,Open,Volume,Ticker
0,2014-01-02,17.44620132446289,17.657290231257434,17.44620132446289,17.63383673672121,1372000,HRL
1,2014-01-03,17.555648803710938,17.63773898827181,17.45010364162131,17.58692210708261,1358200,HRL
2,2014-01-06,17.508743286132812,17.626015211124177,17.438379832899308,17.626015211124177,2499000,HRL
3,2014-01-07,17.704200744628906,17.782382541594714,17.53611040307023,17.53611040307023,1192600,HRL
4,2014-01-08,17.512653350830078,17.653380270529638,17.43838147263023,17.64947185217957,1320400,HRL
5,2014-01-09,17.633831024169922,17.645557767639108,17.43055902060911,17.520467533323718,840400,HRL
6,2014-01-10,17.81755828857422,17.844921684638482,17.641649677308788,17.696376469437315,1234200,HRL
7,2014-01-13,17.633831024169922,17.856648097243784,17.586922559099953,17.786284654042227,1142400,HRL
8,2014-01-14,18.149831771850582,18.18501349957349,17.63774251081574,17.63774251081574,2164200,HRL
9,2014-01-15,18.126371383666992,18.274916577661173,18.091189666436605,18.220189793345696,1715600,HRL
10,2014-01-16,18.23192596435547,18.2358358745104,18.020835551803625,18.09901735177029,1479200,HRL
11,2014-01-17,18.00029182434082,18.330068233986875,17.937477341437543,18.03169981460016,2118400,HRL
12,2014-01-21,18.03169822692871,18.1455499351712,17.925698515559702,18.13769793829772,1748400,HRL
13,2014-01-22,18.035621643066406,18.16517733188528,17.992437911075232,18.047400385986837,1465600,HRL
14,2014-01-23,17.89821434020996,18.008139283181652,17.760808161495348,17.972806051852892,1352800,HRL
15,2014-01-24,17.7215518951416,17.949255321975716,17.709774648103746,17.81184761686761,1601600,HRL
16,2014-01-27,17.870729446411133,17.968877124721203,17.686211331951494,17.71761930786578,1799000,HRL
17,2014-01-28,17.95710563659668,18.015993363883418,17.807920698429587,17.870735172771226,1561600,HRL
18,2014-01-29,17.415332794189453,17.909996675787784,17.37999955281704,17.898219427868796,2075600,HRL
19,2014-01-30,17.694072723388672,17.725480715983988,17.43103752467273,17.517406509078814,1732400,HRL
20,2014-01-31,17.839323043823242,17.96887870947367,17.446732295958704,17.54487998292484,2226000,HRL
21,2014-02-03,17.062000274658203,17.84325683010764,17.05022302681225,17.84325683010764,2641400,HRL
22,2014-02-04,16.936370849609375,17.16799953590816,16.889260361878467,17.105185053061817,2470200,HRL
23,2014-02-05,16.920663833618164,17.026663535299946,16.80681363339563,16.885330599724238,2678800,HRL
24,2014-02-06,17.038448333740234,17.101262827696228,16.936373845051946,17.003115087289007,1641400,HRL
25,2014-02-07,17.183704376220703,17.25829611026479,17.069852652456984,17.14444438650107,1149000,HRL
26,2014-02-10,17.144437789916992,17.187623013184677,17.0698460845732,17.132660546340315,1316600,HRL
27,2014-02-11,17.427114486694336,17.438891737616977,17.034523481370776,17.05415273211379,1570200,HRL
28,2014-02-12,17.395706176757812,17.50170591689048,17.37215017974533,17.403558175761976,1327800,HRL
29,2014-02-13,17.58021354675293,17.611621526038604,17.25436399854591,17.305401216077687,1133200,HRL
30,2014-02-14,17.729402542114258,17.73332779162282,17.446736653810657,17.58021760133011,1763800,HRL
31,2014-02-18,17.725473403930664,17.800065109150943,17.66658419091499,17.709769414111165,2375200,HRL
32,2014-02-19,17.78829574584961,17.890368729665127,17.623406774928462,17.643036022091188,2940200,HRL
33,2014-02-20,18.133773803710938,18.22799628215265,17.823628119407836,17.823628119407836,2246400,HRL
34,2014-02-21,18.337921142578125,18.38503313030765,18.129848438426876,18.212292170530333,4408800,HRL
35,2014-02-24,18.43214225769043,18.53028997844745,18.28688405030235,18.373253026190078,1735800,HRL
36,2014-02-25,18.40858459472656,18.50673230657528,18.36539936189469,18.451769827558437,1220200,HRL
37,2014-02-26,18.443920135498047,18.65199283137951,18.428216140212356,18.428216140212356,1838200,HRL
38,2014-02-27,18.51851272583008,18.53029147164852,18.357550510722596,18.45177298919269,1100400,HRL
39,2014-02-28,18.62843894958496,18.761919918678643,18.50280997839273,18.522439224338616,1218200,HRL
40,2014-03-03,18.471397399902344,18.52243462478027,18.32221247205191,18.451768158830863,1485600,HRL
41,2014-03-04,18.70695304870605,18.77761951564934,18.655915823110323,18.663767819172367,1993800,HRL
42,2014-03-05,18.78940200805664,18.81295650520548,18.538144054365464,18.66769828153068,1431400,HRL
43,2014-03-06,18.57347297668457,18.840434864778064,18.549916987400373,18.840434864778064,1790600,HRL
44,2014-03-07,18.561697006225582,18.632363487020083,18.42429079224485,18.632363487020083,1679400,HRL
45,2014-03-10,18.608810424804688,18.722660654749166,18.542069188863625,18.581329179892347,1294000,HRL
46,2014-03-11,18.443920135498047,18.632363586080103,18.40466164489923,18.612734340780698,1148600,HRL
47,2014-03-12,18.534210205078125,18.53813695150876,18.34576681201152,18.34576681201152,1251400,HRL
48,2014-03-13,18.3575439453125,18.69517225079202,18.29080423254397,18.593099308435747,2073800,HRL
49,2014-03-14,18.502809524536133,18.58132800400916,18.290810079243585,18.330068570172383,1811600,HRL
50,2014-03-17,18.51851272583008,18.679476438553056,18.479254233409907,18.612735204300176,1332600,HRL
51,2014-03-18,18.659841537475582,18.70302676808577,18.49102736197131,18.53813933951796,938000,HRL
52,2014-03-19,18.530288696289062,18.75406536432214,18.40073299499872,18.679473640849537,1272000,HRL
53,2014-03-20,18.59310340881348,18.604880655401665,18.43214121577531,18.45569570895169,753800,HRL
54,2014-03-21,18.56954574584961,18.750137166144416,18.5381392585708,18.703026686418628,2431000,HRL
55,2014-03-24,18.6245059967041,18.750134926040573,18.55776628320065,18.648061982560304,1671200,HRL
56,2014-03-25,18.816877365112305,18.820802614203675,18.624507212103705,18.679471182688356,1248200,HRL
57,2014-03-26,18.934659957885746,19.072067678934,18.836512227543636,18.895401464795103,1637400,HRL
58,2014-03-27,18.922882080078125,18.97391931749079,18.856140846905337,18.922882080078125,1283800,HRL
59,2014-03-28,19.00139808654785,19.083841807127943,18.91895286835249,18.993546089690422,1201600,HRL
60,2014-03-31,19.342952728271484,19.417544455909457,19.09562005593348,19.111324050472632,1984400,HRL
61,2014-04-01,19.19769287109375,19.421469532369752,19.107395659070253,19.36258030672229,1755600,HRL
62,2014-04-02,19.02495384216309,19.205545289023718,18.98569535288569,19.17413879712487,1674600,HRL
63,2014-04-03,18.97784423828125,19.072066713591383,18.87969651290694,19.0249547271286,1259800,HRL
64,2014-04-04,18.777626037597656,19.0877717528868,18.74621804244068,19.024957260188486,1018000,HRL
65,2014-04-07,18.863988876342773,18.94250734100989,18.773693166140895,18.773693166140895,1115200,HRL
66,2014-04-08,18.83258438110352,18.9385840949742,18.742288661350408,18.86399087172336,1419400,HRL
67,2014-04-09,18.82865524291992,18.88754446457548,18.679471810592045,18.86006322716692,1538800,HRL
68,2014-04-10,18.5499210357666,18.91895596273339,18.545995785503507,18.824734980264022,1156600,HRL
69,2014-04-11,18.43998908996582,18.624505734926863,18.3928771189156,18.5106555489262,1131000,HRL
70,2014-04-14,18.655920028686523,18.663772026518632,18.45177257789805,18.56954955014878,1142600,HRL
71,2014-04-15,18.58525276184082,18.726585721626098,18.443919802055543,18.68732573412164,1153600,HRL
72,2014-04-16,18.806032180786133,18.81785939252236,18.6010186548676,18.679870242369947,936200,HRL
73,2014-04-17,18.83757972717285,18.861235664426644,18.72324645703676,18.77055682757478,2121000,HRL
74,2014-04-21,18.829694747924805,18.9164316820872,18.7863277848132,18.89277574441484,847000,HRL
75,2014-04-22,18.884885787963867,18.90854021396608,18.770551049056188,18.82574671502014,734400,HRL
76,2014-04-23,18.89670753479004,18.959788492497257,18.865166303952098,18.88093691937107,924000,HRL
77,2014-04-24,18.76660919189453,18.936139610766634,18.73901135663342,18.93219770743043,801200,HRL
78,2014-04-25,18.786319732666016,18.8730551256825,18.699582835680587,18.739007877599995,894600,HRL
79,2014-04-28,18.89670753479004,19.00315693291509,18.746889696247152,18.829683171243747,1133200,HRL
80,2014-04-29,18.679880142211918,18.96374390210414,18.67593673356398,18.91643352611706,686600,HRL
81,2014-04-30,18.802095413208008,18.80998072513942,18.61679584671288,18.679876838194737,1402200,HRL
82,2014-05-01,18.77054977416992,18.79420419856553,18.585248761902964,18.79420419856553,806000,HRL
83,2014-05-02,18.912487030029297,19.02287838185588,18.699588133818573,18.82575010846877,1113400,HRL
84,2014-05-05,18.80997467041016,18.85334312008837,18.711410558948398,18.798147458304825,1070000,HRL
85,2014-05-06,18.644397735595703,18.90854897480272,18.620741794663964,18.742961900189925,1066200,HRL
86,2014-05-07,18.991334915161133,19.014990846629985,18.707471257380888,18.707471257380888,1279200,HRL
87,2014-05-08,19.014989852905277,19.13720990315332,18.91642573288982,18.96373608938589,940600,HRL
88,2014-05-09,19.20817756652832,19.21606287717099,18.95585364183981,19.01104931236927,1148600,HRL
89,2014-05-12,19.271255493164062,19.36981960462096,19.133264834743013,19.28308270526881,1218000,HRL
90,2014-05-13,19.452613830566406,19.523580113807995,19.259427503082296,19.267312812772367,1261600,HRL
91,2014-05-14,19.23971366882324,19.41318746223696,19.164805487829373,19.36981901388353,967600,HRL
92,2014-05-15,19.21211814880371,19.23577407910509,19.06230026483321,19.11355402850164,969000,HRL
93,2014-05-16,19.30279541015625,19.310680719624,19.16086284767482,19.168748157142566,1187800,HRL
94,2014-05-19,19.346162796020508,19.393473146255463,19.22000085941469,19.271254616151086,834600,HRL
95,2014-05-20,19.13326835632324,19.37770848058453,19.062302062695032,19.275200943579662,1578800,HRL
96,2014-05-21,18.585254669189453,18.959798715514392,18.443322061826784,18.959798715514392,2727800,HRL
97,2014-05-22,18.25802230834961,18.545829424134386,18.143687542032936,18.470919713252,3568000,HRL
98,2014-05-23,18.3960075378418,18.41177815820116,18.226477128901458,18.250133059440504,1605200,HRL
99,2014-05-27,18.845458984375,19.05441593638652,18.392064945795276,18.396006848752886,3204000,HRL
100,2014-05-28,18.80997467041016,18.873055641586923,18.766606220731944,18.83757250130193,1574400,HRL
101,2014-05-29,19.204233169555664,19.220003790028283,18.92431142402785,18.944023947634047,1622400,HRL
102,2014-05-30,19.401365280151367,19.432906527382617,19.164811941794778,19.204236996864392,2662000,HRL
103,2014-06-02,19.432907104492188,19.464446848690645,19.287031087669668,19.35405548804181,1995000,HRL
104,2014-06-03,19.51175308227539,19.53935091446215,19.37770582423868,19.41318896618866,1914000,HRL
105,2014-06-04,19.547243118286133,19.602438802126457,19.41319581297266,19.484160617931945,1594400,HRL
106,2014-06-05,19.495983123779297,19.55512069305502,19.397419004350656,19.495983123779297,1547400,HRL
107,2014-06-06,19.42501640319824,19.53935114013193,19.357992021421257,19.444728925849446,1081400,HRL
108,2014-06-09,19.54329872131348,19.574839969894867,19.40136611063625,19.413194830839025,1685000,HRL
109,2014-06-10,19.42501640319824,19.53146583027764,19.33039418891576,19.48809737806354,1835000,HRL
110,2014-06-11,19.14904022216797,19.37376633193518,19.06624670887886,19.314628752715542,1544400,HRL
111,2014-06-12,19.05441665649414,19.16480799110825,18.971621651564423,19.152980777819348,1233400,HRL
112,2014-06-13,18.979511260986328,19.08990262060629,18.900659645270867,19.03865034876529,1511600,HRL
113,2014-06-16,19.08596611022949,19.149047119834425,18.95191877682277,19.00711447223085,1563200,HRL
114,2014-06-17,19.12932777404785,19.16481092331259,19.030763637642394,19.082017409684653,701200,HRL
115,2014-06-18,19.3225154876709,19.35405673787569,19.01105391373125,19.054422380778053,1095400,HRL
116,2014-06-19,19.52358627319336,19.527528177297484,19.338285196939733,19.34222860501337,1211800,HRL
117,2014-06-20,19.618202209472656,19.66157066385037,19.472327729813298,19.56300654170799,2221400,HRL
118,2014-06-23,19.39347648620605,19.6418584996616,19.361936748607278,19.614260665274223,1250200,HRL
119,2014-06-24,19.25548553466797,19.43684314501504,19.24365832215765,19.290968676167964,1116400,HRL
120,2014-06-25,19.16874885559082,19.208175404366127,19.1174965981365,19.17269226245288,1336400,HRL
121,2014-06-26,19.15692138671875,19.204231740647288,19.085955103841425,19.188461121348094,804400,HRL
122,2014-06-27,19.338281631469727,19.354052252917565,19.13326806455556,19.13326806455556,1205800,HRL
123,2014-06-30,19.456562042236328,19.574840221970152,19.29886030920711,19.350114086827134,1311400,HRL
124,2014-07-01,19.39347648620605,19.523581851720117,19.385591175814064,19.49204061015216,1719400,HRL
125,2014-07-02,19.066242218017575,19.22000199332917,18.94008027396863,19.22000199332917,2840800,HRL
126,2014-07-03,19.109619140625,19.180585453611933,19.062307262653928,19.101733827629825,1952000,HRL
127,2014-07-07,19.346162796020508,19.361933414088465,19.08989551630741,19.08989551630741,1895000,HRL
128,2014-07-08,19.306739807128903,19.460499589713887,19.306739807128903,19.35405016239296,1358400,HRL
129,2014-07-09,19.283082962036133,19.42895742782344,19.25548513077824,19.37770517204107,1165600,HRL
130,2014-07-10,19.204233169555664,19.28702667108319,19.145095598737065,19.145095598737065,964200,HRL
131,2014-07-11,19.22394180297852,19.23577051792388,19.070182044408387,19.208172689666103,1068600,HRL
132,2014-07-14,19.22000312805176,19.314625343659337,19.133266222408903,19.302796626727705,815800,HRL
133,2014-07-15,19.10172843933105,19.251546336038817,19.058359982075974,19.176636635700312,1137000,HRL
134,2014-07-16,18.983448028564453,19.16086222190309,18.940079579892718,19.16086222190309,1148400,HRL
135,2014-07-17,18.97553062438965,19.066587651919644,18.888431941429605,18.995325367723627,1106200,HRL
136,2014-07-18,19.213077545166016,19.260586758718624,19.02700507793427,19.042839972209148,1568800,HRL
137,2014-07-21,19.0072078704834,19.173487089150427,19.00324952467249,19.133897590071054,772200,HRL
138,2014-07-22,19.102218627929688,19.1616043676574,18.975530459403203,19.02699799981774,1062800,HRL
139,2014-07-23,18.939897537231445,19.169519254760072,18.935939193068,19.106175176451284,738800,HRL
140,2014-07-24,18.8884334564209,18.97553214636689,18.80925296649201,18.924064601376784,1088200,HRL
141,2014-07-25,18.892396926879883,18.93594628018667,18.840929372040723,18.888437070992435,582200,HRL
142,2014-07-28,18.74987030029297,18.943860931093155,18.726115698254382,18.93990258587457,1180000,HRL
143,2014-07-29,18.62713623046875,18.892390607224705,18.611299832701405,18.785497187658155,885600,HRL
144,2014-07-30,18.3104190826416,18.690483635196124,18.27478793644947,18.63109939837076,1552200,HRL
145,2014-07-31,17.918485641479492,18.334183063135843,17.914527294429657,18.334183063135843,1998400,HRL
146,2014-08-01,17.819499969482422,18.084754374554468,17.811583279995652,17.82345982446798,2708400,HRL
147,2014-08-04,17.965984344482422,18.017450377200827,17.779910427023374,17.81949991530556,1689800,HRL
148,2014-08-05,17.942232131958008,18.072880179103308,17.890764582151462,17.993699681764554,1041000,HRL
149,2014-08-06,18.195606231689453,18.26291017456554,17.906598736379618,17.906598736379618,1382400,HRL
150,2014-08-07,18.041210174560547,18.247078895478,18.041210174560547,18.195611337687986,1117200,HRL
151,2014-08-08,18.29458236694336,18.298542222142213,18.013493057515003,18.06496060340431,804600,HRL
152,2014-08-11,18.51628303527832,18.603381706023992,18.29853786865603,18.29853786865603,1103400,HRL
153,2014-08-12,18.520244598388672,18.58754854027473,18.448982311799742,18.448982311799742,1048200,HRL
154,2014-08-13,18.58359146118164,18.63110066616554,18.50441247335992,18.56775656976273,1377600,HRL
155,2014-08-14,18.7419490814209,18.77758022361958,18.54004028245646,18.563793370427504,1034400,HRL
156,2014-08-15,18.66277503967285,18.89239837093553,18.60734913495224,18.82113606193971,980200,HRL
157,2014-08-18,18.777589797973636,18.777589797973636,18.68653272375801,18.730082087566107,922800,HRL
158,2014-08-19,18.809255599975582,18.93990365318661,18.753829702337853,18.769666104589334,1560400,HRL
159,2014-08-20,18.94781875610352,18.97949004518537,18.761744835680204,18.78153958013664,1910400,HRL
160,2014-08-21,19.76337242126465,20.084052697492,19.125973233831328,19.129931578368517,5769200,HRL
161,2014-08-22,19.77921485900879,19.989043429355984,19.65648650773667,19.953412276673824,2746800,HRL
162,2014-08-25,19.846513748168945,19.92569423503805,19.791087860433223,19.9217343800614,1491400,HRL
163,2014-08-26,19.850473403930664,19.985079787425587,19.84651505893476,19.88610454986292,1325200,HRL
164,2014-08-27,19.937576293945312,19.961329389406306,19.82672448781377,19.834641179472374,1099200,HRL
165,2014-08-28,20.052387237548828,20.09197673539348,19.810887374065885,19.9019444273026,1173000,HRL
166,2014-08-29,20.06425666809082,20.107806006418567,19.996952733336485,20.09196960880084,932600,HRL
167,2014-09-02,20.15927505493164,20.28992308949736,20.07613622034013,20.09197262033153,1427200,HRL
168,2014-09-03,20.246381759643555,20.325562280703785,20.15532468900928,20.25429996277386,1782600,HRL
169,2014-09-04,20.119686126708984,20.317636601399347,20.036547289797177,20.23053790925806,1524400,HRL
170,2014-09-05,20.22262382507324,20.22262382507324,20.040508217107448,20.119688719234865,1272400,HRL
171,2014-09-08,20.13156509399414,20.19886904881236,20.04842624707968,20.13156509399414,1061600,HRL
172,2014-09-09,19.937576293945312,20.16719810810959,19.866313987077152,20.13156695467551,1404000,HRL
173,2014-09-10,19.98111915588379,20.00091389908265,19.89402047351828,19.933609959916,668800,HRL
174,2014-09-11,20.016752243041992,20.05238338835955,19.87818600669937,19.929653552211903,850000,HRL
175,2014-09-12,19.78317642211914,20.01675810758221,19.747545266362312,19.95341399848592,995400,HRL
176,2014-09-15,19.814844131469727,19.850475280770866,19.703992338196148,19.850475280770866,918800,HRL
177,2014-09-16,20.115726470947266,20.12364467064799,19.79504617915773,19.8306773226899,1286800,HRL
178,2014-09-17,20.016752243041992,20.21074285958252,19.90985880708931,20.08009633357963,1291800,HRL
179,2014-09-18,20.1790714263916,20.21074271631479,19.992997501025336,20.13156222614347,1001000,HRL
180,2014-09-19,20.000917434692383,20.28596661991953,20.000917434692383,20.270130218464168,1658600,HRL
181,2014-09-22,19.909860610961918,19.98112290805354,19.826721767769147,19.98112290805354,1126200,HRL
182,2014-09-23,19.795045852661133,19.96528336781339,19.791087507997144,19.90589762615855,1105000,HRL
183,2014-09-24,20.07613945007324,20.111770600664915,19.75546060499067,19.77921369855681,1062200,HRL
184,2014-09-25,19.787128448486328,20.095930692923467,19.723784359621217,20.012791859458424,877600,HRL
185,2014-09-26,19.87818717956543,19.91381832698532,19.71982769899883,19.80296653956447,619000,HRL
186,2014-09-29,20.111772537231445,20.139485489222068,19.71983135322544,19.71983135322544,957600,HRL
187,2014-09-30,20.34534454345703,20.396812077086828,20.02466581987899,20.052378758700748,2075400,HRL
188,2014-10-01,20.214704513549805,20.41265500287474,20.175113509539383,20.41265500287474,1868400,HRL
189,2014-10-02,20.43640899658203,20.53934410130767,20.20678720416148,20.234500153070123,1946000,HRL
190,2014-10-03,20.507665634155277,20.65019019504175,20.444321552677067,20.487870891863714,3179000,HRL
191,2014-10-06,20.35326766967773,20.578931089145257,20.270128833082808,20.578931089145257,1074000,HRL
192,2014-10-07,20.08405303955078,20.38493857773251,20.07217649549486,20.266167096204807,1544400,HRL
193,2014-10-08,20.38494300842285,20.39681955506015,20.05238611039634,20.084057404843296,1406600,HRL
194,2014-10-09,20.43640899658203,20.64623755148778,20.36514669646196,20.36514669646196,1985600,HRL
195,2014-10-10,20.49579620361328,20.765009020882776,20.48787800190035,20.48787800190035,1834600,HRL
196,2014-10-13,20.361188888549805,20.630401693834628,20.31763953618866,20.45224593883107,1982000,HRL
197,2014-10-14,20.578929901123047,20.630397444242988,20.373061238885462,20.404734037803017,1352600,HRL
198,2014-10-15,20.12760162353516,20.400772698230323,19.86630709244872,20.297839129723208,2604600,HRL
199,2014-10-16,19.817577362060547,20.02823303157397,19.72218522865065,19.936816391668025,1985000,HRL
200,2014-10-17,19.940793991088867,20.08388145909141,19.8414278623323,19.96066842980562,2740200,HRL
201,2014-10-20,20.461471557617188,20.48531997261193,19.95669147844543,19.96066697238123,1335600,HRL
202,2014-10-21,20.870864868164062,20.966257036503915,20.429680448687595,20.485325248466225,1467000,HRL
203,2014-10-22,20.886764526367188,21.11331922815105,20.86291762062602,20.87881505238442,1172800,HRL
204,2014-10-23,20.86688804626465,21.06959429158305,20.81124325406771,20.974203652447407,1069600,HRL
205,2014-10-24,20.88278579711914,20.95035403629171,20.77547019707437,20.88278579711914,939800,HRL
206,2014-10-27,20.878807067871094,21.009971064116044,20.815212816535933,20.85098467767487,954800,HRL
207,2014-10-28,21.06562042236328,21.06959440059497,20.914583474042374,21.00600013543988,747000,HRL
208,2014-10-29,21.09343910217285,21.11728751598176,20.831112615101315,21.025870870690863,1752200,HRL
209,2014-10-30,21.220626831054688,21.327942414945248,20.529039534257592,21.061641960118216,976200,HRL
210,2014-10-31,21.42731094360352,21.4432098873516,21.23255267320631,21.40346252798139,1652200,HRL
211,2014-11-03,21.502830505371094,21.618095583169016,21.379617471220847,21.41141384525073,1307200,HRL
212,2014-11-04,21.58629608154297,21.67771272841815,21.447182606223368,21.49885341226817,820400,HRL
213,2014-11-05,21.673734664916992,21.86451740745506,21.5902674993453,21.77707626475415,1017600,HRL
214,2014-11-06,21.677719116210938,21.677719116210938,21.42334202104306,21.439239452335737,1164600,HRL
215,2014-11-07,21.63001823425293,21.661816123314125,21.478982809832665,21.614120805929137,1284800,HRL
216,2014-11-10,21.645919799804688,21.76118488729832,21.542579680256356,21.637970326576816,1001000,HRL
217,2014-11-11,21.76118469238281,21.9320945747337,21.665792530709798,21.665792530709798,807800,HRL
218,2014-11-12,21.721439361572266,21.749261760181582,21.490909183144197,21.653869596230344,1097600,HRL
219,2014-11-13,21.92811584472656,21.991711620596824,21.753232009703595,21.777080425654944,1052200,HRL
220,2014-11-14,21.66181945800781,22.019538183980664,21.598225186302308,21.97581683789431,1537800,HRL
221,2014-11-17,21.90427017211914,21.920169116977405,21.56245043870056,21.693614459471014,2006400,HRL
222,2014-11-18,21.90427017211914,21.93606654562884,21.72938481109187,21.90427017211914,1731200,HRL
223,2014-11-19,21.975811004638672,22.01158286774068,21.78502824016351,21.932089670157705,1261000,HRL
224,2014-11-20,21.79298591613769,21.916198978382106,21.71746666770949,21.904275524928053,1071600,HRL
225,2014-11-21,21.594242095947266,22.01952889281641,21.467052089997186,21.96785809504354,2380400,HRL
226,2014-11-24,21.514753341674805,21.67373822849345,21.4312846461728,21.657840801156283,3144800,HRL
227,2014-11-25,20.39788246154785,21.28025432892263,20.38993298787157,21.12921736148752,8089000,HRL
228,2014-11-26,20.954328536987305,20.998049873770405,20.39787764081339,20.39787764081339,3310400,HRL
229,2014-11-28,21.097421646118164,21.375645652497557,20.970231579507004,20.998055496352062,1447600,HRL
230,2014-12-01,21.002029418945312,21.28025494078643,20.998055440096447,21.08152264178665,1671400,HRL
231,2014-12-02,20.97023200988769,21.05370072972169,20.771499706276828,20.95035908276804,3163400,HRL
232,2014-12-03,20.9622802734375,20.998052142287666,20.76354800564923,20.89471051396191,2105800,HRL
233,2014-12-04,20.86688804626465,20.99010259770564,20.807267759649715,20.962280201607168,1267800,HRL
234,2014-12-05,20.97420883178711,21.0139546885406,20.86689319910399,20.86689319910399,1341000,HRL
235,2014-12-08,21.03382110595703,21.30409709359788,20.98215181141303,20.98215181141303,1466200,HRL
236,2014-12-09,20.779447555541992,20.994078790548613,20.684056906343734,20.866890247479585,1271600,HRL
237,2014-12-10,20.437631607055664,20.835096257674785,20.425708152723438,20.656238377862035,1412400,HRL
238,2014-12-11,20.61648368835449,20.79931851508712,20.469422244340816,20.469422244340816,1331800,HRL
239,2014-12-12,20.25479888916016,20.624441147531638,20.25479888916016,20.477379646566785,1084600,HRL
240,2014-12-15,20.171327590942383,20.370059882478763,19.90900102676265,20.31838906214133,1861600,HRL
241,2014-12-16,19.92887115478516,20.4535242094866,19.920921682294917,20.139526869052705,1565600,HRL
242,2014-12-17,20.219018936157227,20.286588690405814,19.89707365761737,20.00836323378356,1612200,HRL
243,2014-12-18,20.680078506469727,20.70392692352269,20.37403064388729,20.41775198371433,1719800,HRL
244,2014-12-19,20.779447555541992,20.88278919441497,20.684056906343734,20.755600651345944,1862600,HRL
245,2014-12-22,21.045747756958008,21.081519626309483,20.866888410200623,20.866888410200623,1086000,HRL
246,2014-12-23,21.16498374938965,21.25242642095824,21.093440021052924,21.12523790751666,930000,HRL
247,2014-12-24,21.097421646118164,21.220634701455573,21.097421646118164,21.188838321958123,339000,HRL
248,2014-12-26,21.06562042236328,21.252429239596854,21.04972147702279,21.13716416018861,484000,HRL
249,2014-12-29,21.13716125488281,21.20870498287445,20.89470767848968,21.03779513447295,899800,HRL
250,2014-12-30,21.07754898071289,21.18486461345529,21.033827628535555,21.093447929905967,700400,HRL
251,2014-12-31,20.707902908325195,21.141139338093257,20.69200547828947,21.12126641339337,745800,HRL
252,2015-01-02,20.51712226867676,20.80727124531475,20.40583266563948,20.731753516997617,886400,HRL
253,2015-01-05,20.15145301818848,20.48532330133292,20.11568114798704,20.40185610959854,1382800,HRL
254,2015-01-06,20.000417709350582,20.322364567641888,19.944772910284524,20.242871347744487,2561600,HRL
255,2015-01-07,20.326343536376957,20.413786251351627,20.14748412675032,20.14748412675032,2520800,HRL
256,2015-01-08,20.54493904113769,20.616482770978536,20.41775052502214,20.465447355720507,1923800,HRL
257,2015-01-09,20.381982803344727,20.755600472063925,20.34621093115261,20.64430936068456,1389200,HRL
258,2015-01-12,20.079906463623047,20.465447508849337,20.03618512659243,20.389928284448555,1238200,HRL
259,2015-01-13,20.15145301818848,20.37005821777196,20.01233951575758,20.171325942476624,1578200,HRL
260,2015-01-14,20.107728958129883,20.143500823497927,19.932845125334303,20.016312305790827,1624200,HRL
261,2015-01-15,20.347393035888672,20.447252643193508,20.111724301699784,20.239544477151043,1820000,HRL
262,2015-01-16,20.567089080810547,20.59105441567176,20.33940773347034,20.351391924637905,1577200,HRL
263,2015-01-20,20.754817962646484,20.76280691313472,20.40730699695901,20.626997802307724,1262200,HRL
264,2015-01-21,21.16624641418457,21.19021174857256,20.642981439817422,20.72686315764926,2789000,HRL
265,2015-01-22,21.461824417114254,21.469813367727376,20.890627400036728,21.174228289988083,1860600,HRL
266,2015-01-23,21.310043334960938,21.60163478043151,21.254122188839,21.44185877116574,1332600,HRL
267,2015-01-26,21.274084091186523,21.36994995770241,21.138275002468497,21.33799416095169,1266200,HRL
268,2015-01-27,21.146276473999023,21.23415344336597,21.01845625877646,21.110326943234107,1099800,HRL
269,2015-01-28,20.930574417114254,21.393922936638813,20.89062965972793,21.20219267239452,1232600,HRL
270,2015-01-29,20.986492156982425,21.030430621127444,20.67093548151949,20.99847482039054,1304200,HRL
271,2015-01-30,20.45924186706543,21.00647222311865,20.39932547844291,20.86666934798219,3569200,HRL
272,2015-02-02,20.666942596435547,20.686914210828167,20.023846556332213,20.13568881592009,2119000,HRL
273,2015-02-03,20.878650665283203,20.958538670365147,20.69490932021061,20.754824181219345,1801400,HRL
274,2015-02-04,21.55370140075684,21.645572074214638,20.82272972770699,20.83870610989406,3316200,HRL
275,2015-02-05,21.57366943359375,21.58165838522721,21.27808584183932,21.55369781637846,1759600,HRL
276,2015-02-06,21.401918411254883,21.569681872200384,21.330019349781907,21.545715010463677,1743000,HRL
277,2015-02-09,21.20618438720703,21.40190987060772,21.17822382154073,21.34199350204475,1178800,HRL
278,2015-02-10,21.59364128112793,21.64556717803008,21.26610190245864,21.322023036806574,1055400,HRL
279,2015-02-11,21.54171371459961,21.729450256127635,21.33400555718781,21.689505500623472,1123600,HRL
280,2015-02-12,21.6375789642334,21.64157420181533,21.381938613510293,21.545708308425827,1709400,HRL
281,2015-02-13,22.260705947875977,22.26869490019532,21.47780690542245,21.62160499969695,3503400,HRL
282,2015-02-17,22.252710342407227,22.328604604881587,21.83729408842422,22.26069929233802,3747400,HRL
283,2015-02-18,22.42447662353516,22.56827472398144,22.1688362332915,22.2447289979773,2979200,HRL
284,2015-02-19,23.027626037597656,23.167428878230236,22.460422676166875,22.807933682694056,3914000,HRL
285,2015-02-20,23.13547706604004,23.22734926144184,22.819921810751858,23.011652106887684,1663400,HRL
286,2015-02-23,23.08753967285156,23.23133774349952,22.971702168858865,23.11150652587176,1510200,HRL
287,2015-02-24,23.0755615234375,23.135476382106702,22.94774132979225,23.0356167605878,1173000,HRL
288,2015-02-25,23.379135131835938,23.55888276323196,22.97969662817232,23.055590919060062,3400800,HRL
289,2015-02-26,23.351171493530277,23.391116252895884,23.183408075405016,23.31522197196961,1294800,HRL
290,2015-02-27,23.37114524841309,23.542903920048985,23.25530924500264,23.32321305652818,1677600,HRL
291,2015-03-02,23.37114524841309,23.43905058367553,23.23134238719173,23.37114524841309,1108600,HRL
292,2015-03-03,23.31521797180176,23.359156437697067,23.019634421893045,23.359156437697067,1832800,HRL
293,2015-03-04,23.14745712280273,23.315220530556385,23.095529700706127,23.315220530556385,1739000,HRL
294,2015-03-05,23.14345932006836,23.23932520225676,22.995667545275385,23.23932520225676,967000,HRL
295,2015-03-06,22.672122955322266,23.007651272889834,22.59223649416436,22.995668608463465,1327000,HRL
296,2015-03-09,23.01165199279785,23.083551043959435,22.716066835385018,22.76000531373231,1713200,HRL
297,2015-03-10,22.46841812133789,22.85587399698173,22.46841812133789,22.811935513302064,1503000,HRL
298,2015-03-11,22.064979553222656,22.512350168370588,21.77738339590207,22.50436121691872,3578800,HRL
299,2015-03-12,22.352577209472656,22.396515686531256,21.973110344746523,22.029033012471857,1697400,HRL
300,2015-03-13,22.0689754486084,22.2846725879206,21.889227832514894,22.276683635679017,1268800,HRL
301,2015-03-16,22.22875595092773,22.300655011936463,22.001076098979148,22.18481746656272,2288800,HRL
302,2015-03-17,22.080957412719727,22.13687855289514,21.861266566143392,22.068974746606933,1717000,HRL
303,2015-03-18,22.400510787963867,22.476403550951197,21.86126792335851,22.056993449860503,2866400,HRL
304,2015-03-19,22.36455726623535,22.44843896671317,22.2207591947096,22.36455726623535,925600,HRL
305,2015-03-20,22.6881046295166,22.72006043828248,22.43645796856419,22.460424825138603,1699200,HRL
306,2015-03-23,22.76000213623047,22.94374345299726,22.716063664017383,22.716063664017383,866600,HRL
307,2015-03-24,22.548301696777344,22.927768543994656,22.540312744613768,22.736036739542488,1284000,HRL
308,2015-03-25,22.632184982299805,23.003662903179023,22.60821812414288,22.70408403303365,2529800,HRL
309,2015-03-26,22.632184982299805,22.712072985752624,22.3965162101693,22.56028593156596,1098600,HRL
310,2015-03-27,22.871849060058597,22.89182220511398,22.52034425839197,22.608219696940107,1225600,HRL
311,2015-03-30,22.91179084777832,22.923773514264116,22.568273520308477,22.568273520308477,2042600,HRL
312,2015-03-31,22.70807456970215,22.943743308852603,22.676120287034937,22.835894747844424,1443400,HRL
313,2015-04-01,22.80792808532715,22.815917034793657,22.548294084479014,22.70806850260026,1386800,HRL
314,2015-04-02,22.93575096130371,23.067566357597784,22.73203805871963,22.831897653341265,950400,HRL
315,2015-04-06,23.095531463623047,23.179413173902688,22.79595262084993,22.815924238954118,2493800,HRL
316,2015-04-07,23.16343307495117,23.283264288075085,22.987679206881992,23.09552775581448,1589400,HRL
317,2015-04-08,23.259296417236328,23.295245931972627,23.04359932881854,23.16343206043052,1314000,HRL
318,2015-04-09,23.17941093444824,23.279270539058118,23.007652292620325,23.267287874100656,1313800,HRL
319,2015-04-10,23.15145492553711,23.367152079661626,23.083551112425845,23.231342929702144,1093600,HRL
320,2015-04-13,22.91978454589844,23.17542497544175,22.887828730336945,23.163442306474767,1089000,HRL
321,2015-04-14,23.215362548828125,23.23134045270491,22.831901998206035,22.91977894579156,1344000,HRL
322,2015-04-15,23.01563835144043,23.415076719682126,22.97968883734922,23.25130704965249,1166400,HRL
323,2015-04-16,23.05175399780273,23.14803766886481,22.903318138193363,23.07983641636729,922800,HRL
324,2015-04-17,22.606447219848636,22.8872729648309,22.385798966783,22.8872729648309,1572400,HRL
325,2015-04-20,22.622493743896484,22.827095982965943,22.60644620938572,22.65057616410176,1087200,HRL
326,2015-04-21,22.1009578704834,22.458007043852334,21.832167063211468,22.369747147378437,3720400,HRL
327,2015-04-22,22.137062072753903,22.185203134535453,21.776000283450404,21.97257870882159,1762200,HRL
328,2015-04-23,22.01670837402344,22.12502690944142,21.804082420628102,22.01670837402344,2892600,HRL
329,2015-04-24,22.004676818847656,22.10497161114938,21.94450086169287,22.03677188696521,930800,HRL
330,2015-04-27,21.96455383300781,22.104965893762213,21.912400125994743,21.996648892824066,1110000,HRL
331,2015-04-28,22.0728759765625,22.12502969211056,21.900368827760943,21.920427478240374,862600,HRL
332,2015-04-29,21.89634895324707,22.084902028801743,21.840182611838447,22.060832270002948,1621800,HRL
333,2015-04-30,21.804086685180664,21.99665402828264,21.72385207766139,21.91240524178413,2453000,HRL
334,2015-05-01,22.177181243896484,22.189217658141928,21.81612095444796,21.81612095444796,1475600,HRL
335,2015-05-04,22.361722946166992,22.429922656264583,22.11700345863701,22.1490969897486,1260200,HRL
336,2015-05-05,22.317598342895508,22.66662380303847,22.253409734933847,22.470045330318747,1719800,HRL
337,2015-05-06,22.1009578704834,22.40184221168781,21.968568025772544,22.381783561682894,1296200,HRL
338,2015-05-07,22.213287353515625,22.23334600335683,21.96455672865556,22.117005222127094,1089600,HRL
339,2015-05-08,22.45399475097656,22.53824199481465,22.28148761528324,22.40585215703181,930200,HRL
340,2015-05-11,22.38579559326172,22.474055493338152,22.353702058019262,22.43794930970479,995200,HRL
341,2015-05-12,22.369749069213867,22.441961439737003,22.157124606216307,22.27747804696253,1162800,HRL
342,2015-05-13,22.45399475097656,22.59039570639973,22.38178239043625,22.445970985319104,1143200,HRL
343,2015-05-14,22.754880905151367,22.782963322020933,22.57434998929206,22.57836110725474,1373600,HRL
344,2015-05-15,22.734813690185547,22.81504979800697,22.638531585101013,22.746850101103465,1932400,HRL
345,2015-05-18,22.353694915771484,22.718767753474346,22.341658504821485,22.638531645439063,2616400,HRL
346,2015-05-19,22.38178062438965,22.558298863795024,22.28950962217479,22.478062743928326,2563400,HRL
347,2015-05-20,23.32455062866211,23.81398957840496,22.58638108675765,22.62649991154287,5329800,HRL
348,2015-05-21,23.07581901550293,23.38873818309898,22.987559135257225,23.22024371758622,3006400,HRL
349,2015-05-22,22.83511734008789,23.055767105167263,22.79500003573368,23.011637152151387,1981600,HRL
350,2015-05-26,22.71074104309082,22.827083308128643,22.61847006645346,22.742834563915164,2143000,HRL
351,2015-05-27,23.440893173217773,23.61340029567938,23.14401998816997,23.456940703301807,3840800,HRL
352,2015-05-28,23.34862327575684,23.4328705171199,23.0637864899807,23.392753220387995,2903600,HRL
353,2015-05-29,22.955474853515625,23.34863029511536,22.955474853515625,23.27641791498712,4573600,HRL
354,2015-06-01,22.89529228210449,23.01965836038213,22.674644071928004,22.943433348053915,1765600,HRL
355,2015-06-02,22.77092742919922,22.87122221471087,22.602432924120595,22.87122221471087,1825200,HRL
356,2015-06-03,22.827091217041016,22.899303576885572,22.666618966191592,22.879243397746794,1206200,HRL
357,2015-06-04,22.582368850708008,22.803017019777112,22.5582975570294,22.77493460900704,1718800,HRL
358,2015-06-05,22.570337295532227,22.630514777489875,22.39381902836776,22.54626752705072,2346400,HRL
359,2015-06-08,22.52620887756348,22.62650366057956,22.470042513557843,22.570337296573925,1242600,HRL
360,2015-06-09,22.55428504943848,22.63050851248988,22.313576718622198,22.50213134820514,1325000,HRL
361,2015-06-10,22.79499626159668,22.939420981962947,22.59841936028011,22.59841936028011,1202800,HRL
362,2015-06-11,22.67464256286621,22.88325587526576,22.63853638321289,22.782961101826174,1002200,HRL
363,2015-06-12,22.65057182312012,22.73481906758997,22.49010109989804,22.614465642579205,1360800,HRL
364,2015-06-15,22.598419189453125,22.61847783815752,22.41788829035997,22.58237165833889,1724800,HRL
365,2015-06-16,22.73080825805664,22.77894932263818,22.518183819976063,22.64656101244473,1410400,HRL
366,2015-06-17,22.88325881958008,22.919365003879065,22.67464548033893,22.746857848936905,954600,HRL
367,2015-06-18,22.979537963867188,23.11995156468327,22.83912589342789,22.89930336954576,1199600,HRL
368,2015-06-19,22.963491439819336,23.160068333953745,22.843136490326877,22.97552632261788,1245400,HRL
369,2015-06-22,23.18815040588379,23.2643754101566,23.07983187116196,23.11593804940257,999200,HRL
370,2015-06-23,23.3165225982666,23.32855900868861,23.103898222120065,23.26838154770777,1220600,HRL
371,2015-06-24,23.292457580566406,23.384728583914224,23.220245224837377,23.32455111068113,1087400,HRL
372,2015-06-25,23.2563533782959,23.52514264604976,23.17210460253741,23.52514264604976,1164200,HRL
373,2015-06-26,23.156055450439453,23.27640886037618,23.003606981652062,23.27640886037618,1586200,HRL
374,2015-06-29,22.57435417175293,22.86721480935022,22.55830663617513,22.86721480935022,1132000,HRL
375,2015-06-30,22.614463806152344,22.86319593206984,22.598417806396945,22.718771221634317,1631400,HRL
376,2015-07-01,22.85918617248535,22.887268588576244,22.634525313381307,22.710750325951075,1565600,HRL
377,2015-07-02,22.80703353881836,23.00762310918748,22.68266898463077,22.92738850534141,1197400,HRL
378,2015-07-06,22.55428504943848,22.742838148644907,22.46201405825735,22.59039122254209,1711400,HRL
379,2015-07-07,23.00761985778809,23.04372603656714,22.421898762373875,22.61847718692134,1470800,HRL
380,2015-07-08,22.831104278564453,22.963494126343893,22.7669156788348,22.855175577354427,1032200,HRL
381,2015-07-09,22.955474853515625,23.156064458232464,22.93942731784774,23.07582831027028,1760200,HRL
382,2015-07-10,22.9915828704834,23.095888799858287,22.887275410731156,23.095888799858287,1685800,HRL
383,2015-07-13,23.35263442993164,23.36467084327152,23.09186894001144,23.18815106446983,1167000,HRL
384,2015-07-14,23.40880012512207,23.485025134384696,23.324552880504587,23.388741475981263,1262600,HRL
385,2015-07-15,23.21222686767578,23.444909988942147,23.176120681399283,23.35263896409712,1073800,HRL
386,2015-07-16,23.51038360595703,23.51038360595703,23.31698217213069,23.34115792774072,1147800,HRL
387,2015-07-17,23.216251373291016,23.490237112817635,23.047025700828176,23.441887140259382,1231400,HRL
388,2015-07-20,23.31295394897461,23.325041058426667,23.08328964727757,23.20013682870743,1223200,HRL
389,2015-07-21,23.15178680419922,23.39756829230069,23.13566963254907,23.30086833643597,1453200,HRL
390,2015-07-22,23.27265739440918,23.31697883818134,23.10343174038939,23.163870352263743,841800,HRL
391,2015-07-23,23.232370376586918,23.429801880392247,23.13969894811275,23.22834185231327,791800,HRL
392,2015-07-24,23.19208335876465,23.28878332974573,23.099411912816805,23.18805329671308,1020400,HRL
393,2015-07-27,23.13566017150879,23.18401166668649,22.922113114035028,23.09536879587816,1107000,HRL
394,2015-07-28,23.558732986450195,23.566791570924693,23.099404430528526,23.188045785712365,971000,HRL
395,2015-07-29,23.691696166992188,23.70781333619919,23.46606194616556,23.53455760976854,972800,HRL
396,2015-07-30,23.909278869628903,23.95762885141375,23.45397872485182,23.586943096032908,1246400,HRL
397,2015-07-31,23.856897354125977,24.026124585458906,23.792430203384413,24.01000741351898,2027800,HRL
398,2015-08-03,23.945539474487305,23.945539474487305,23.574852217162803,23.67155370860078,1521200,HRL
399,2015-08-04,24.29607391357422,24.40889255048546,23.87300825195576,23.897184003511963,1599200,HRL
400,2015-08-05,24.49753761291504,24.70705621378097,24.30816624324267,24.44918763948996,1795200,HRL
401,2015-08-06,24.28801918029785,24.578122096893814,24.195347756833684,24.578122096893814,1363200,HRL
402,2015-08-07,24.26787567138672,24.28802136751608,24.10670856533373,24.28802136751608,1170000,HRL
403,2015-08-10,24.521713256835938,24.64661748236863,24.28399037779954,24.348457521079684,1302600,HRL
404,2015-08-11,24.360544204711918,24.449187101555843,24.18325994804196,24.352485619815383,1233400,HRL
405,2015-08-12,24.53379821777344,24.557973970768455,24.066411085660988,24.17519966861188,1916400,HRL
406,2015-08-13,24.37666130065918,24.5660342026092,24.31622268262724,24.521712754321506,1507800,HRL
407,2015-08-14,24.66274070739746,24.682886406427617,24.32831779984558,24.4048720709675,1244800,HRL
408,2015-08-17,24.71511459350586,24.80375749156362,24.43710032734915,24.566034613423383,1259400,HRL
409,2015-08-18,24.37666130065918,24.77555279823057,24.32831132844437,24.76749421335845,2320000,HRL
410,2015-08-19,24.666763305664062,25.174441837893216,24.134909019702917,25.174441837893216,2788400,HRL
411,2015-08-20,25.62168884277344,25.839264525432167,24.779585784706743,24.840024413623052,4109600,HRL
412,2015-08-21,24.73123359680176,25.537073713010187,24.719144949886363,25.529015127405938,3332400,HRL
413,2015-08-24,23.90524101257324,24.03417527167719,23.514408175092,23.97373666527701,3520600,HRL
414,2015-08-25,23.683637619018555,24.4330690811069,23.663491925987568,24.39277769504493,2182000,HRL
415,2015-08-26,24.35651206970215,24.384716344149517,23.671547825228178,24.14296344414934,1812800,HRL
416,2015-08-27,24.73123359680176,24.783612097702317,24.296079196280544,24.51365639654115,1710000,HRL
417,2015-08-28,24.77958297729492,24.80375873352608,24.54588861144772,24.66273579437132,1536000,HRL
418,2015-08-31,24.618406295776367,24.751370606056923,24.49753062816882,24.751370606056923,1677600,HRL
419,2015-09-01,24.0341796875,24.39277825758211,23.909273928598797,24.20743541819417,1934600,HRL
420,2015-09-02,24.43307876586914,24.43710882828348,24.1792386294118,24.34040731157929,1771000,HRL
421,2015-09-03,24.650644302368164,24.85613281423821,24.437097206520384,24.53379714021768,2069000,HRL
422,2015-09-04,24.44515419006348,24.53379707657081,24.24369420219606,24.44918425055075,1539600,HRL
423,2015-09-08,25.01730728149414,25.029394391783967,24.606328624441023,24.7433215101254,2734200,HRL
424,2015-09-09,24.602298736572266,25.19862022443937,24.53783159023577,25.16638588276212,2228200,HRL
425,2015-09-10,24.582151412963867,24.72720287593528,24.40889720665691,24.54991860842467,1793000,HRL
426,2015-09-11,24.868227005004883,24.880314115158363,24.40889837495562,24.578124065176684,1437000,HRL
427,2015-09-14,24.73525619506836,24.84807329246326,24.6425847883486,24.84807329246326,1158400,HRL
428,2015-09-15,24.97298240661621,24.99312810001213,24.557975281992263,24.87225240261872,1439000,HRL
429,2015-09-16,25.31143569946289,25.35575714787647,24.977012879918632,25.14221002772149,1591400,HRL
430,2015-09-17,25.049541473388672,25.311440148952776,24.8359943156943,25.10192151590513,2351400,HRL
431,2015-09-18,24.6103515625,24.94477432553843,24.562000061299685,24.8359857533642,3393600,HRL
432,2015-09-21,24.666763305664062,24.77555189193128,24.59020752068833,24.727200384467285,1956800,HRL
433,2015-09-22,24.308168411254883,24.51768549378941,24.122824012061905,24.51768549378941,1910800,HRL
434,2015-09-23,24.45724868774414,24.47739438394871,24.23161289400592,24.30816869140861,1384400,HRL
435,2015-09-24,24.658706665039062,24.690939468871598,24.21952376156778,24.30010807667606,1545000,HRL
436,2015-09-25,25.057594299316406,25.31143433021468,24.75137577496092,24.88836863672944,2304000,HRL
437,2015-09-28,24.759435653686523,25.045508500357325,24.69093845071275,24.924632801188327,1890200,HRL
438,2015-09-29,24.892396926879883,24.936718372479973,24.57409129733143,24.81181415708097,2197000,HRL
439,2015-09-30,25.508869171142575,25.545132037481984,24.977014822843284,25.057597604025943,3456800,HRL
440,2015-10-01,25.46857452392578,25.63377167342516,25.142210285924858,25.59348028555426,2377000,HRL
441,2015-10-02,25.859405517578125,25.86746256493845,25.142208415120027,25.230849769243893,2572200,HRL
442,2015-10-05,26.3267879486084,26.38319956948759,25.948045287518383,26.036688167997507,4419200,HRL
443,2015-10-06,25.698240280151367,26.318737525625146,25.63780319490216,26.314707464397728,2923600,HRL
444,2015-10-07,25.79091453552246,25.903731663250827,25.508870179183447,25.79091453552246,2600800,HRL
445,2015-10-08,26.24218368530273,26.27441802944878,25.637805102745645,25.762709343766254,1966600,HRL
446,2015-10-09,26.359027862548828,26.46378793202365,26.097129225879737,26.242180683910743,1601200,HRL
447,2015-10-12,26.753894805908203,26.75792486757078,26.32679741672964,26.342914589343582,1852800,HRL
448,2015-10-13,26.548402786254883,26.810301442812232,26.50005127189416,26.641075753603904,1962600,HRL
449,2015-10-14,26.068923950195312,26.584664155726276,25.952079850058627,26.54839975558651,1741600,HRL
450,2015-10-15,26.246902465820312,26.412741982405837,25.92736051524568,26.226677080786796,1740600,HRL
451,2015-10-16,26.655427932739254,26.675650229354048,26.22667389264025,26.331840327301528,1588600,HRL
452,2015-10-19,26.829347610473636,26.97496168025318,26.493626111484165,26.63114879629864,2359400,HRL
453,2015-10-20,26.671602249145508,26.84957261892358,26.55025615005908,26.79699095516452,1546200,HRL
454,2015-10-21,26.94260597229004,27.08822006185032,26.631152413968486,26.699916851676104,1978800,HRL
455,2015-10-22,27.703039169311523,27.7839376190287,26.979014245634467,27.043733005408207,1847600,HRL
456,2015-10-23,27.63831901550293,27.89718784071627,27.456299847613668,27.84864877875384,1700600,HRL
457,2015-10-26,27.351137161254883,27.626185680348563,27.12462461932133,27.5736009238119,2594600,HRL
458,2015-10-27,27.0356388092041,27.27023966007492,26.772727361323355,27.128671245225288,2821800,HRL
459,2015-10-28,27.355180740356445,27.41989949348193,26.979011474204597,27.128671276337265,2187000,HRL
460,2015-10-29,27.43607521057129,27.460343196500716,27.084173984796884,27.25001345120675,1340800,HRL
461,2015-10-30,27.32282066345215,27.565509782121683,27.290461291373656,27.33495465649169,3541800,HRL
462,2015-11-02,27.31068420410156,27.541239334962597,26.97900834767061,27.46438968198201,1880400,HRL
463,2015-11-03,27.41180992126465,27.427989610617256,26.94261127387983,27.250019199658976,1304200,HRL
464,2015-11-04,27.189340591430664,27.565509805777108,27.01136713080581,27.5452844267208,1655200,HRL
465,2015-11-05,27.343048095703125,27.39563285670396,27.132718309580245,27.21765936278142,1446000,HRL
466,2015-11-06,26.9506950378418,27.310684578934715,26.691826223706656,27.27428259849056,1772400,HRL
467,2015-11-09,26.934518814086918,26.99114926754695,26.631156594211397,26.90216252262985,1392400,HRL
468,2015-11-10,27.1246280670166,27.19339252000029,26.84553690499209,26.857670900824424,1785800,HRL
469,2015-11-11,27.245981216430664,27.42799737272763,27.181262440704845,27.383503985906405,2260400,HRL
470,2015-11-12,26.86979866027832,27.221699887542457,26.792945923230395,27.08821979244645,1429800,HRL
471,2015-11-13,26.764636993408203,27.05181952759907,26.70800962531198,26.83744405038336,1916800,HRL
472,2015-11-16,27.427988052368164,27.44012204720321,26.71610027705867,26.748456567965444,2033400,HRL
473,2015-11-17,27.355180740356445,27.516974537210142,27.18529864234206,27.50484054248912,2147400,HRL
474,2015-11-18,27.68685531616211,27.71516899781558,27.38349311874926,27.47247985707727,2046800,HRL
475,2015-11-19,27.8446044921875,27.99021859947164,27.69090208381423,27.832470497573816,1511400,HRL
476,2015-11-20,27.57359504699707,28.010437264092555,27.54932706358929,28.00639157153818,1804200,HRL
477,2015-11-23,28.014493942260746,28.08730100699391,27.589785550323843,27.70304029858423,2134800,HRL
478,2015-11-24,28.847734451293945,29.0054826127758,28.293591495600555,28.48369904558154,3694000,HRL
479,2015-11-25,29.749727249145508,29.91960937630832,29.155136718115152,29.219852396384567,4061600,HRL
480,2015-11-27,30.34027099609375,30.41712066840569,29.62029174268032,29.82657585284231,2086200,HRL
481,2015-11-30,30.30385971069336,30.514192557820277,30.08948425624616,30.489921484099604,3555800,HRL
482,2015-12-01,30.54251289367676,30.92272482393284,30.449480443723186,30.59104887977388,4005400,HRL
483,2015-12-02,30.530378341674805,30.77711013375379,30.49397326680387,30.51824125941089,2969800,HRL
484,2015-12-03,30.64362907409668,31.149232760244185,30.46565558906556,30.59104431572294,4248400,HRL
485,2015-12-04,31.38382911682129,31.420234185289296,30.66384999381258,30.69620936890417,2650400,HRL
486,2015-12-07,31.331254959106445,31.472823401626403,31.07643176257052,31.38788233611443,2129800,HRL
487,2015-12-08,31.436420440673828,31.51327320108282,30.9348623658058,31.14519217592449,2313200,HRL
488,2015-12-09,31.149232864379883,31.816630349517776,30.99957306183429,31.533490432752608,4048600,HRL
489,2015-12-10,31.15731239318848,31.37977918758535,31.05619168409156,31.17753776939152,2369400,HRL
490,2015-12-11,31.323171615600582,31.46878577552129,30.89037483082545,30.92273113283809,2394800,HRL
491,2015-12-14,31.54157447814941,31.60224443780016,30.81350410274763,30.95102679256836,2975200,HRL
492,2015-12-15,31.5537223815918,31.844950660150225,31.323167175393152,31.703379129323853,2794400,HRL
493,2015-12-16,32.29391860961914,32.34650337035275,31.683151551234527,31.84089966151507,3734200,HRL
494,2015-12-17,32.152347564697266,32.4435757709771,31.91370411486011,32.25346829821332,3329400,HRL
495,2015-12-18,31.86921501159668,32.119995575234285,31.760002876641472,31.96629006469885,6723600,HRL
496,2015-12-21,32.22110748291016,32.273689146007115,31.91774532497346,32.075493400223785,1985600,HRL
497,2015-12-22,32.5649299621582,32.57301826502316,31.982473405140816,32.326283367173325,2444800,HRL
498,2015-12-23,32.25751495361328,32.6741318943703,31.832806625796135,32.625595915849466,3599600,HRL
499,2015-12-24,32.285831451416016,32.4273998777118,32.180665012184754,32.302011140987,1028800,HRL
500,2015-12-28,32.362674713134766,32.3667173198716,32.083580550326495,32.208969250273704,1453400,HRL
501,2015-12-29,32.560882568359375,32.61750994334055,32.334373068434665,32.45976181504149,1699600,HRL
502,2015-12-30,32.22110748291016,32.50019856975949,31.97841528779324,32.36267587275539,2154600,HRL
503,2015-12-31,31.986513137817383,32.241336291037506,31.92988577043513,32.14426124494795,1879600,HRL
504,2016-01-04,31.638656616210938,31.68314998726915,31.37978777694132,31.65079061087045,3086000,HRL
505,2016-01-05,32.28178024291992,32.314139616534014,31.630562507244903,31.772133995316644,3858400,HRL
506,2016-01-06,32.390987396240234,32.58109482965576,31.731678375164325,31.95819086980969,5574800,HRL
507,2016-01-07,31.804502487182617,32.11595617730163,31.464738191737403,31.998655717409097,4977400,HRL
508,2016-01-08,31.618427276611328,32.289870366016,31.55775422494856,31.93392344210621,2862200,HRL
509,2016-01-11,31.56585121154785,31.77618099720874,31.16541393706184,31.731687623825835,3741400,HRL
510,2016-01-12,32.16044235229492,32.25347170882947,31.719554302844436,31.85708011966796,2729200,HRL
511,2016-01-13,31.727643966674805,32.45975712746302,31.66697090625389,32.208976584504605,2457200,HRL
512,2016-01-14,32.00777053833008,32.20670488785108,31.72358303531647,31.85755847134209,2279400,HRL
513,2016-01-15,30.90349769592285,31.65050663623799,30.651786545645415,31.62208788519147,5302000,HRL
514,2016-01-19,31.220163345336918,31.573367365223685,30.96033389033988,31.346017366454134,4525600,HRL
515,2016-01-20,30.67616081237793,31.102445400916096,29.93726979701478,30.944111833153507,4956600,HRL
516,2016-01-21,30.237680435180664,31.000929006685706,30.022506379161825,30.773579027388703,3902000,HRL
517,2016-01-22,30.846651077270508,30.90348856256554,30.404127116147027,30.55839984803202,2442200,HRL
518,2016-01-25,30.65990447998047,31.04559106499914,30.59494866300132,30.854778125740957,3080000,HRL
519,2016-01-26,31.191740036010746,31.447508747239265,30.65989908461512,30.716739673410206,2476000,HRL
520,2016-01-27,31.10243225097656,31.524655952300645,30.968456797232864,31.191749220139027,2320400,HRL
521,2016-01-28,31.800722122192383,32.07273061312747,31.18362481128805,31.22422568239849,3832800,HRL
522,2016-01-29,32.645172119140625,32.69388821260709,31.950936813125026,32.007774320443794,5641200,HRL
523,2016-02-01,33.29880142211914,33.43683757248173,32.55179245868942,32.714186654299425,4003800,HRL
524,2016-02-02,33.0186653137207,33.23789695146169,32.88468990775496,33.23789695146169,4651400,HRL
525,2016-02-03,32.44623565673828,33.542394150324355,32.32444233350315,33.50991469183033,4296600,HRL
526,2016-02-04,31.84131622314453,32.397515260639835,31.760120685112344,32.397515260639835,3218400,HRL
527,2016-02-05,32.04837417602539,32.397520622690564,31.719525068522024,31.95093579736645,3932600,HRL
528,2016-02-08,33.04710388183594,33.18513697872898,31.87381016859453,32.02808299995958,4050000,HRL
529,2016-02-09,33.63982391357422,33.729140861084595,32.75883965387848,32.84003518939093,4434200,HRL
530,2016-02-10,33.83469772338867,34.18384413533716,33.534270495925355,33.62358745210912,2580500,HRL
531,2016-02-11,33.8509407043457,34.04581436360071,33.02273307298246,33.6398304127802,3423600,HRL
532,2016-02-12,33.696659088134766,34.26503708982645,33.371870773622106,33.94837018675262,3707000,HRL
533,2016-02-16,36.08384323120117,37.12316398647807,34.99580639659365,35.28811526222118,7179300,HRL
534,2016-02-17,36.10821533203125,36.39240287245262,35.409922407096595,36.10009391806956,5467300,HRL
535,2016-02-18,34.82529830932617,35.67786387648782,34.7278630409849,35.53983083778863,4288500,HRL
536,2016-02-19,34.71162414550781,35.13384778165716,34.435554964079834,34.66290496146355,4990100,HRL
537,2016-02-22,34.938968658447266,35.08512309022646,34.71973701077847,35.02016728577511,2071200,HRL
538,2016-02-23,35.377437591552734,35.48299427519504,34.84965727075262,34.947095639073865,2445200,HRL
539,2016-02-24,35.49110794067383,35.612904336412605,35.003928552540735,35.32059546456835,2407200,HRL
540,2016-02-25,35.62102508544922,35.72658176247713,35.32059787881262,35.63726481248514,2001600,HRL
541,2016-02-26,34.890254974365234,35.848377160723835,34.80905634146383,35.7265807600773,2164200,HRL
542,2016-02-29,34.51674270629883,35.141958155222945,34.47614494414234,34.7846935118709,4085000,HRL
543,2016-03-01,34.93085479736328,35.117607017907886,34.6547856240775,34.7684606194167,2430200,HRL
544,2016-03-02,35.19879913330078,35.25563662544005,34.77657864809795,34.99580720497168,2140900,HRL
545,2016-03-03,35.79965591430664,36.091964781054735,35.14196096412343,35.19879845516767,3850500,HRL
546,2016-03-04,35.734710693359375,35.88086518269108,35.41804366561139,35.734710693359375,2368600,HRL
547,2016-03-07,35.27187728881836,35.56418616896673,35.19880006878127,35.50734867531689,1685800,HRL
548,2016-03-08,35.47488021850586,35.694111946571255,35.11761541948007,35.15821319932654,1572900,HRL
549,2016-03-09,35.66162872314453,35.84026265252618,35.41803897234066,35.54795371259684,2357300,HRL
550,2016-03-10,35.32870864868164,35.74281385613173,34.93084626220982,35.69409468542862,2020700,HRL
551,2016-03-11,35.38555145263672,35.669738889396555,35.0932426048776,35.56418222828115,2219500,HRL
552,2016-03-14,35.60478210449219,35.65350128114752,35.125721041653,35.22315939496367,1730000,HRL
553,2016-03-15,35.791542053222656,35.97829427523309,35.38555815387527,35.50735146523268,1688100,HRL
554,2016-03-16,36.06761932373047,36.31933053450469,35.4342852353846,35.677875031101294,2252800,HRL
555,2016-03-17,35.76716613769531,36.03511688733224,35.52357651819541,36.002637445422906,2718500,HRL
556,2016-03-18,35.482994079589844,35.90521771442008,35.369319081253124,35.840258802564016,3892000,HRL
557,2016-03-21,35.42615509033203,35.65350507744271,35.23940287271808,35.40991536305109,2004300,HRL
558,2016-03-22,35.35308074951172,35.604788799366354,35.26376379088787,35.45863433932943,1745400,HRL
559,2016-03-23,35.47488021850586,35.71847309240878,35.12573373648454,35.304367684703465,2211500,HRL
560,2016-03-24,35.13385009765625,35.59667153564565,34.97957731746366,35.36120011002673,1434700,HRL
561,2016-03-28,35.56418228149414,35.63725949354326,35.133840420210845,35.133840420210845,1332000,HRL
562,2016-03-29,36.05136489868164,36.27871484950841,35.58854358597813,35.62101993794569,2232300,HRL
563,2016-03-30,35.68598937988281,36.27872556780871,35.304363480465604,36.27872556780871,2659300,HRL
564,2016-03-31,35.1094856262207,35.75905918367392,34.914612010279214,35.645384198295986,2885700,HRL
565,2016-04-01,35.65351104736328,35.67786909365764,34.930860098120625,34.97145787441515,3021400,HRL
566,2016-04-04,35.3612174987793,35.71036410227505,35.04455036942574,35.66976630830388,2164700,HRL
567,2016-04-05,34.29752731323242,34.80906488775338,34.04581613555488,34.57359653805518,5827900,HRL
568,2016-04-06,34.91461181640625,34.922730130712004,34.232558810514895,34.24879853653744,3219400,HRL
569,2016-04-07,34.256919860839844,35.03641129135671,34.17572432100392,34.93897292666004,2922200,HRL
570,2016-04-08,33.95648956298828,34.38683146037997,33.534265979878434,34.37059483181627,3516300,HRL
571,2016-04-11,33.4287109375,34.143243428125785,33.282559591432914,34.045808164944,3462400,HRL
572,2016-04-12,33.030853271484375,33.47743498147674,32.949657723271805,33.45307693649529,4812800,HRL
573,2016-04-13,32.33255386352539,33.168879611044424,32.06460613071514,33.03084658753239,6597500,HRL
574,2016-04-14,31.98621368408203,32.59741521944666,31.961766617461613,32.28773890441702,4452300,HRL
575,2016-04-15,32.157344818115234,32.279586351385554,31.619487667442208,31.994357143331914,3544200,HRL
576,2016-04-18,32.10844421386719,32.23883370564131,31.94545657196686,32.10844421386719,2058200,HRL
577,2016-04-19,32.165504455566406,32.369238325979204,31.83138103243871,32.25514785594518,2317900,HRL
578,2016-04-20,31.44835090637207,32.30403228310014,31.43205182859148,32.07585141163432,3158300,HRL
579,2016-04-21,30.837158203125,31.423912734301897,30.666022501109104,31.407613651910083,4104300,HRL
580,2016-04-22,30.69046211242676,31.01643746358553,30.55192460885965,30.96754022829231,3745200,HRL
581,2016-04-25,30.894197463989254,31.114230370639028,30.61711933436342,30.77195592405111,2832300,HRL
582,2016-04-26,31.163124084472656,31.383153857510223,31.000136419229403,31.081628697485456,3437300,HRL
583,2016-04-27,31.43206024169922,32.035113846069564,31.17942913157763,31.220178391301665,3270900,HRL
584,2016-04-28,31.56244659423828,31.798778598286724,31.309815509697007,31.32611459018984,2478100,HRL
585,2016-04-29,31.415756225585938,31.64394023102153,31.13053010470589,31.432055305169307,2854600,HRL
586,2016-05-02,31.546144485473636,31.921013974627943,31.415754962779463,31.423906056609283,2344000,HRL
587,2016-05-03,31.39944648742676,31.643929489455704,31.25275792970159,31.497240931730538,2577400,HRL
588,2016-05-04,31.56244659423828,31.78247951779389,31.31796660430929,31.31796660430929,2971300,HRL
589,2016-05-05,31.122371673583984,31.896560673258683,31.032731420105105,31.570588484632538,3464200,HRL
590,2016-05-06,31.415756225585938,31.513547594354584,30.85345196925176,31.13053010470589,2765600,HRL
591,2016-05-09,32.385536193847656,32.613717125356416,31.546150565295232,31.62764597564267,4691600,HRL
592,2016-05-10,32.59741973876953,32.67891204462358,32.271444297888955,32.48332926708099,3115200,HRL
593,2016-05-11,32.60555648803711,32.87448660038401,32.50776513297056,32.51591622598593,3387600,HRL
594,2016-05-12,32.76853561401367,32.996719528020684,32.491457589578985,32.670744284428,2594200,HRL
595,2016-05-13,32.515907287597656,33.02931409211352,32.40181377786386,32.67889179832825,2120100,HRL
596,2016-05-16,32.79299545288086,32.89078681131794,32.43442195739284,32.483319190977,2916800,HRL
597,2016-05-17,31.61948013305664,32.77668955041665,31.423897456905756,32.59740284000284,5410700,HRL
598,2016-05-18,28.913911819458008,31.48910793322367,28.63683361885584,31.48910793322367,12774800,HRL
599,2016-05-19,28.82425880432129,29.068738756576447,28.32714780645476,28.90575419422718,8261800,HRL
600,2016-05-20,28.408641815185547,28.99539615905603,28.302699367824243,28.897601695923544,7726200,HRL
601,2016-05-23,28.416791915893555,28.661271874471392,28.35974669584977,28.44124208786328,3291400,HRL
602,2016-05-24,28.3597469329834,28.677571192665248,28.196759256324885,28.547181673084708,3385100,HRL
603,2016-05-25,28.20490837097168,28.424941252712436,27.935978257044827,28.351596958798847,4454200,HRL
604,2016-05-26,28.441242218017575,28.58793081558183,28.04192256715237,28.253804369894425,3754700,HRL
605,2016-05-27,28.343446731567383,28.522733479662115,28.213057217152464,28.48198733929456,2106000,HRL
606,2016-05-31,28.04192543029785,28.628679880463853,27.960433138322205,28.38419989580524,4306600,HRL
607,2016-06-01,28.0582218170166,28.33529993536029,27.86263598282579,28.06636980193934,2934200,HRL
608,2016-06-02,27.93597984313965,28.18046290921981,27.87078663858791,28.041922297858964,2493400,HRL
609,2016-06-03,28.253807067871094,28.392347693791724,28.001179099177858,28.08267139061471,2786800,HRL
610,2016-06-06,27.7159423828125,28.25379944386261,27.642598096817903,28.17230717441564,3789600,HRL
611,2016-06-07,28.03377723693848,28.213060899703223,27.65075662828041,27.715949839631687,3424400,HRL
612,2016-06-08,28.147863388061523,28.172310449991897,27.79744099298071,27.94412958202529,3363000,HRL
613,2016-06-09,28.441242218017575,28.498287438322414,28.058221645629654,28.139713929284756,2656100,HRL
614,2016-06-10,28.327150344848636,28.40864574205732,28.131567609010855,28.26195713581322,2653900,HRL
615,2016-06-13,28.06636619567871,28.40048949174402,27.870783495349784,28.19675569880832,3114900,HRL
616,2016-06-14,27.993019104003903,28.066363386468844,27.789285331460267,27.93597389639014,3115800,HRL
617,2016-06-15,27.85448455810547,28.13971062614884,27.78114026793275,28.08266541254017,2276500,HRL
618,2016-06-16,28.49013900756836,28.514589181935225,27.84633933683333,27.854490431199505,2824300,HRL
619,2016-06-17,28.424943923950195,28.473838051999984,28.074521498846654,28.416792830120936,2907400,HRL
620,2016-06-20,28.22935676574707,28.718319784504505,28.213057687582022,28.55533211158536,2366000,HRL
621,2016-06-21,28.45754051208496,28.604229121630272,28.164166401725943,28.261957771845616,3015600,HRL
622,2016-06-22,28.17231559753418,28.5553362176604,28.17231559753418,28.45754173460791,1624100,HRL
623,2016-06-23,28.188610076904297,28.49013524526977,28.05822056284913,28.449389105014635,2048200,HRL
624,2016-06-24,28.7998104095459,29.011692196037856,27.46331716422294,27.569259611834475,5930700,HRL
625,2016-06-27,29.182832717895508,29.353968376037304,28.555332195977627,28.59607833714501,5820300,HRL
626,2016-06-28,28.506437301635746,29.557704617209357,28.25380623168758,29.2154301640947,4093800,HRL
627,2016-06-29,28.78351402282715,28.946501701603587,28.441242695254893,28.726468801565108,2552000,HRL
628,2016-06-30,29.82663345336914,29.85923161443401,28.76721808861493,28.791668263779453,4686000,HRL
629,2016-07-01,29.56584930419922,30.234095947594835,29.45175886879965,29.94072187459505,2908400,HRL
630,2016-07-05,29.93257713317871,30.08741374140205,29.40287098374189,29.468064199776823,3785200,HRL
631,2016-07-06,29.8510856628418,30.462287235167693,29.76959025462584,29.834786581198603,3829500,HRL
632,2016-07-07,29.696239471435547,30.00591573772059,29.63919425247926,29.948870518764306,2377900,HRL
633,2016-07-08,29.83478355407715,29.91627584529272,29.57400449170937,29.753288154129944,3079600,HRL
634,2016-07-11,29.679941177368164,29.89182608942976,29.6065999871138,29.84292885386215,2159500,HRL
635,2016-07-12,29.55769920349121,29.704387783854425,29.484354913309605,29.56584718740873,2148600,HRL
636,2016-07-13,29.79403114318848,29.8347772802279,29.45175675284916,29.56584718005193,2059100,HRL
637,2016-07-14,30.035398483276367,30.059946014973995,29.691764250611552,29.724492212134923,2586900,HRL
638,2016-07-15,29.67539405822754,30.084484128308794,29.650849652777715,30.027211768186184,2556000,HRL
639,2016-07-18,29.888126373291016,30.010854670894904,29.675400861369237,29.732673234621647,1896200,HRL
640,2016-07-19,30.125391006469727,30.141754982988815,29.847209647863973,29.91266555394033,2060500,HRL
641,2016-07-20,30.14176177978516,30.25630652013859,30.00266950856307,30.23176211038002,1430100,HRL
642,2016-07-21,30.14994239807129,30.14994239807129,29.87176097499581,30.084489597935352,1560500,HRL
643,2016-07-22,30.17448616027832,30.30539486530971,30.068121862093527,30.117213796896444,1411400,HRL
644,2016-07-25,30.11722755432129,30.32995312675332,29.945407264579146,30.14177197237968,1354700,HRL
645,2016-07-26,29.90449523925781,30.35449386879528,29.904495239257816,30.174496289646758,1451700,HRL
646,2016-07-27,29.62630653381348,30.06812462429814,29.609942554042565,29.986307846553576,2737500,HRL
647,2016-07-28,29.95358657836914,30.002675407537872,29.40540405746958,29.708133069193373,2809800,HRL
648,2016-07-29,30.55903434753418,30.640854253924527,30.02721900099324,30.02721900099324,5806200,HRL
649,2016-08-01,30.722665786743164,30.739029765223584,30.21539493828909,30.55902912304869,2119200,HRL
650,2016-08-02,30.19902610778809,30.714480423220174,30.13357332549233,30.518115834114383,2080900,HRL
651,2016-08-03,29.56085205078125,30.239940006459065,29.4544877488884,30.239940006459065,2502100,HRL
652,2016-08-04,29.691762924194336,29.904488422372797,29.511762264967132,29.708126904224997,1734900,HRL
653,2016-08-05,29.789941787719727,29.888122540546338,29.552668774038047,29.74084985075149,1743500,HRL
654,2016-08-08,29.847213745117188,29.847213745117188,29.503579554372347,29.83903331628937,1441900,HRL
655,2016-08-09,29.855403900146484,29.99449306875956,29.57722244180983,29.683583645651414,1447500,HRL
656,2016-08-10,30.08449363708496,30.11722160210205,29.79812862485125,29.863584554885424,1016800,HRL
657,2016-08-11,29.806303024291992,30.215393098058165,29.683574753718315,30.13357633174876,1713000,HRL
658,2016-08-12,30.321758270263672,30.35448310507048,29.88812065714461,29.912668184636797,1720300,HRL
659,2016-08-15,30.035398483276367,30.190854739957288,29.855400937118212,30.16630720825966,2214900,HRL
660,2016-08-16,29.60994911193848,30.02722288573793,29.46267638249287,29.96995050441028,3694300,HRL
661,2016-08-17,29.7408504486084,29.888123141363756,29.348124308297432,29.56085291832624,3689400,HRL
662,2016-08-18,30.30540657043457,31.041767150231056,30.166314261991644,30.297223017585083,5737600,HRL
663,2016-08-19,31.63084983825684,31.663577798873288,30.370851444514365,30.47721575596278,5060200,HRL
664,2016-08-22,32.32630920410156,32.72721901026608,31.85176615143033,32.048127717669864,3918700,HRL
665,2016-08-23,31.97447967529297,32.440842080695866,31.88447936528375,32.38356972361897,1911700,HRL
666,2016-08-24,31.63084983825684,32.1217567630632,31.55721348742487,32.08903192355685,2344600,HRL
667,2016-08-25,31.44267845153809,31.71267640718667,31.385406063336536,31.679951557579408,3040100,HRL
668,2016-08-26,31.025392532348636,31.442666193554796,30.919031350645763,31.393574256615874,2384000,HRL
669,2016-08-29,31.418127059936523,31.45085190227961,30.95994493491919,31.09085366762266,2529900,HRL
670,2016-08-30,30.99266815185547,31.385394289819995,30.89448427653191,31.32812192310287,2117500,HRL
671,2016-08-31,31.30356979370117,31.38538967778082,30.984480048564155,31.148116695614007,2505400,HRL
672,2016-09-01,31.26266860961914,31.36085249311896,30.968123201340003,31.172668276966053,2024300,HRL
673,2016-09-02,31.467212677001957,31.549032577296877,31.254487178455285,31.287215138573256,1694600,HRL
674,2016-09-06,31.622676849365234,31.63085728088912,31.35267579241433,31.467220560413804,1351200,HRL
675,2016-09-07,31.13993263244629,31.61447542027176,30.96811245649225,31.565386616664096,1956300,HRL
676,2016-09-08,30.689943313598636,31.1153974667824,30.681762883451587,31.05812509242212,2269200,HRL
677,2016-09-09,29.462669372558597,30.55085060109894,29.45448894336271,30.55085060109894,3090400,HRL
678,2016-09-12,29.855403900146484,29.91267627794134,29.454494134471997,29.454494134471997,2896500,HRL
679,2016-09-13,29.89631462097168,30.019039816744908,29.593585604954075,29.749041889155208,3248500,HRL
680,2016-09-14,29.72449111938477,30.0763057689417,29.675399178904456,30.010852969411367,1385600,HRL
681,2016-09-15,30.010860443115234,30.02722442735052,29.6017702005658,29.65086215327165,1592200,HRL
682,2016-09-16,29.757213592529297,30.051758969771,29.560852088441383,30.010850583178502,2560600,HRL
683,2016-09-19,29.92903709411621,30.02721785693357,29.7244920175991,30.02721785693357,2190700,HRL
684,2016-09-20,29.773582458496094,30.22358102709707,29.773582458496094,30.059947453867878,1381200,HRL
685,2016-09-21,30.57539749145508,30.649033844634594,29.740853195790645,30.46085274675588,2757400,HRL
686,2016-09-22,30.88629913330078,30.959935467999383,30.509937032000995,30.6572097013982,2393200,HRL
687,2016-09-23,30.984493255615234,31.08267715836142,30.75540372476236,30.75540372476236,2226100,HRL
688,2016-09-26,30.542673110961918,30.91085176129506,30.509945148809116,30.886307350235587,2113700,HRL
689,2016-09-27,31.295385360717773,31.36902168641088,30.78811462878138,30.8126590303094,2546700,HRL
690,2016-09-28,31.393569946289062,31.47538982995341,31.18902491879232,31.33629758827873,2104000,HRL
691,2016-09-29,30.99266815185547,31.377210739654743,30.97630417263488,31.229938047779317,2036000,HRL
692,2016-09-30,31.033580780029297,31.295398241115816,30.95176399385613,31.07448917311588,2599200,HRL
693,2016-10-03,31.12357521057129,31.41812057866971,30.80448543550124,30.95175811955045,2445800,HRL
694,2016-10-04,30.354490280151367,31.11539826896672,30.289037473956604,31.033581480945664,2440800,HRL
695,2016-10-05,30.19902610778809,30.395390696893877,30.06811742208731,30.321754366117855,3167800,HRL
696,2016-10-06,30.583576202392575,30.80448522697096,30.043577404904223,30.14993858180107,3509100,HRL
697,2016-10-07,30.64085960388184,30.681768003664555,30.133588580132287,30.583587219963864,2720400,HRL
698,2016-10-10,30.93540382385254,31.148129366778203,30.673586330508314,30.88631187343398,2509100,HRL
699,2016-10-11,30.92721176147461,31.04175649315517,30.74721423502367,30.88630337460439,1843000,HRL
700,2016-10-12,31.180843353271484,31.28720763759947,30.86993404891008,30.959934357102277,1564100,HRL
701,2016-10-13,31.13175201416016,31.26266070461515,30.804481848577343,31.0172073001507,1922000,HRL
702,2016-10-14,31.025392532348636,31.22175715899445,30.984484145454463,31.13175683516136,1150600,HRL
703,2016-10-17,31.13993263244629,31.287205285487417,31.02538480810724,31.25447733567626,1272500,HRL
704,2016-10-18,31.31176376342773,31.516308860036663,31.09903511513258,31.295399781165763,1360700,HRL
705,2016-10-19,31.13175201416016,31.35266101451097,30.959934943145974,31.35266101451097,2043700,HRL
706,2016-10-20,31.00444793701172,31.25084027413985,30.831973614326884,31.185137112995008,1847900,HRL
707,2016-10-21,30.971609115600582,31.029100583087786,30.74164324565181,30.938755953307908,1409000,HRL
708,2016-10-24,31.20155906677246,31.275477070271293,30.92231362389332,31.0372964886586,1386800,HRL
709,2016-10-25,31.23442649841309,31.267279658970857,30.831986247254815,31.176935033961907,2489100,HRL
710,2016-10-26,31.259071350097656,31.579381867902057,31.20979160387768,31.275497932170985,1707000,HRL
711,2016-10-27,31.14407157897949,31.324760769272025,30.92232065113713,31.23441617412576,2157700,HRL
712,2016-10-28,31.390470504760746,31.5465182833365,31.070160092761004,31.1194366896538,1660400,HRL
713,2016-10-31,31.620437622070312,31.727208808177853,31.27548889732956,31.390471805576475,2666000,HRL
714,2016-11-01,31.308332443237305,31.89967657253777,31.242629280564262,31.587577933957125,2380900,HRL
715,2016-11-02,31.029088973999023,31.52187682486974,30.988024103022006,31.332975911936387,2304400,HRL
716,2016-11-03,29.92033576965332,30.98803857907708,29.85462943895633,30.963400271590857,4060400,HRL
717,2016-11-04,29.92033576965332,30.29813777201014,29.887482604304825,29.97782724248804,3049700,HRL
718,2016-11-07,30.4623966217041,30.53631466788548,29.96139687903588,30.19136274135576,3825700,HRL
719,2016-11-08,30.733421325683597,31.497239941679727,30.50345550858344,30.50345550858344,3289300,HRL
720,2016-11-09,30.2899169921875,30.454179636774235,29.44396546913309,30.059948036546327,3577700,HRL
721,2016-11-10,28.56515884399414,30.19135215682093,28.39268450772057,30.14207556534208,5857800,HRL
722,2016-11-11,28.56515884399414,28.77870118389848,28.33519306229605,28.47481424888452,3578400,HRL
723,2016-11-14,28.803340911865234,29.07437471067108,28.4419656465064,28.565160264378093,3813400,HRL
724,2016-11-15,29.312559127807617,29.42754518450068,28.95118377734993,28.984036936405094,2485900,HRL
725,2016-11-16,29.361839294433597,29.43575733686045,29.16472347027873,29.33720099130789,1975000,HRL
726,2016-11-17,29.51787757873535,29.57536902284561,29.041519451386268,29.3207649512284,2138300,HRL
727,2016-11-18,29.222213745117188,29.567162470071032,29.09080112641179,29.542524170588408,2633000,HRL
728,2016-11-21,28.696569442749023,29.22221045931876,27.72742342011418,29.22221045931876,5697200,HRL
729,2016-11-22,29.452186584472656,30.20779052390284,29.10723464421756,30.092807588167812,5324600,HRL
730,2016-11-23,28.934755325317383,30.158508790004834,28.85262556604418,29.37004868895444,4187400,HRL
731,2016-11-25,29.452186584472656,29.542531214850182,28.94297509776753,29.00046656563504,1693400,HRL
732,2016-11-28,29.00867462158203,29.509674320833103,28.811561937546948,29.485036018591124,3248700,HRL
733,2016-11-29,29.13186454772949,29.22220914233466,28.934748783768324,29.07437310262598,2416900,HRL
734,2016-11-30,28.121654510498047,29.222209986194468,28.04773648850915,29.016882495452965,5609300,HRL
735,2016-12-01,27.34141159057617,28.211998215312484,27.283920139246383,28.11344188918272,4379200,HRL
736,2016-12-02,27.76849365234375,27.87526170202536,27.283920602164542,27.308558900852734,3390200,HRL
737,2016-12-05,27.75206756591797,28.1298694400422,27.68636125752285,27.768494143016746,3829900,HRL
738,2016-12-06,27.35784721374512,27.71101089329679,27.25107599751899,27.70279603579085,2754300,HRL
739,2016-12-07,27.81777000427246,27.825984859128823,27.324985236561627,27.374264966552367,3244000,HRL
740,2016-12-08,27.99847221374512,28.10524344510592,27.489260632952284,27.61245531555265,2897200,HRL
741,2016-12-09,28.244855880737305,28.310562197353725,27.89169226154809,28.014890038679077,2778300,HRL
742,2016-12-12,28.39268684387207,28.65550579688001,28.129867890864126,28.17093276482492,1864100,HRL
743,2016-12-13,28.630878448486328,28.885482644241552,28.491254063963886,28.54053381139244,2381700,HRL
744,2016-12-14,28.195581436157227,28.860840711085643,28.13808683818886,28.745857781248624,2050700,HRL
745,2016-12-15,28.302343368530277,28.491244302712552,27.908114923317363,28.269490214833567,2194200,HRL
746,2016-12-16,28.44196891784668,28.6883613149786,28.30234457520736,28.32698600805507,3711800,HRL
747,2016-12-19,28.56515884399414,28.74584803421338,28.45017595314509,28.499455677672746,1616800,HRL
748,2016-12-20,28.64729881286621,28.704790272528804,28.318773500751742,28.54052761647157,1449000,HRL
749,2016-12-21,28.548736572265625,28.92654158449272,28.507671695494,28.53231312799639,1435300,HRL
750,2016-12-22,28.86905288696289,29.107230448200426,28.5651658771278,28.639083915594505,2540100,HRL
751,2016-12-23,29.000463485717773,29.041528367969093,28.67193816160784,28.836200823662807,1305900,HRL
752,2016-12-27,29.09901237487793,29.23042184424628,28.82797858196572,29.01688263141605,1387600,HRL
753,2016-12-28,28.622652053833008,29.049733626919902,28.54873402900933,29.033307051064757,1522100,HRL
754,2016-12-29,28.942964553833008,29.06615916879068,28.671930761438155,28.696569057819914,1202200,HRL
755,2016-12-30,28.58979797363281,28.992238059240837,28.474811958981974,28.942961471724733,1893600,HRL
